<?xml version="1.0" encoding="utf-8" ?>
<dwsync>
<file name="3d beta-s.jpg" server="ftp.lafacroft.com//public_html/" local="128908561200000000" remote="128908561200000000" />
<file name="Alg1Act7_WhatsMyRule_EN.jpg" server="ftp.lafacroft.com//public_html/" local="128856002400000000" remote="128856002400000000" />
<file name="Alg2Act25_GraphingInCircles_EN.gif" server="ftp.lafacroft.com//public_html/" local="128909514000000000" remote="128909514000000000" />
<file name="CAS_Cabri=Eccentric_Conics.gif" server="ftp.lafacroft.com//public_html/" local="128909509800000000" remote="128909509800000000" />
<file name="CAS_Cabri=Eccentric_Conics.jpg" server="ftp.lafacroft.com//public_html/" local="128856002400000000" remote="128856002400000000" />
<file name="Calendar.gif" server="ftp.lafacroft.com//public_html/" local="128856002400000000" remote="128856002400000000" />
<file name="ChordToCubic.gif" server="ftp.lafacroft.com//public_html/" local="128909509800000000" remote="128909509800000000" />
<file name="ChordToCubic.jpg" server="ftp.lafacroft.com//public_html/" local="128856002400000000" remote="128856002400000000" />
<file name="CompleteTheSquare.gif" server="ftp.lafacroft.com//public_html/" local="128909510400000000" remote="128909510400000000" />
<file name="Conics.gif" server="ftp.lafacroft.com//public_html/" local="128909425800000000" remote="128909425800000000" />
<file name="Conics_New.gif" server="ftp.lafacroft.com//public_html/" local="128909511000000000" remote="128909511000000000" />
<file name="CycloidsAndMore.gif" server="ftp.lafacroft.com//public_html/" local="128909404200000000" remote="128909404200000000" />
<file name="DEPlots.gif" server="ftp.lafacroft.com//public_html/" local="128909403600000000" remote="128909403600000000" />
<file name="DSCN5318.JPG" server="ftp.lafacroft.com//public_html/" local="128897946000000000" remote="128897946000000000" />
<file name="DSCN5319.JPG" server="ftp.lafacroft.com//public_html/" local="128897946000000000" remote="128897946000000000" />
<file name="Equation_Builder_2.gif" server="ftp.lafacroft.com//public_html/" local="128909513400000000" remote="128909513400000000" />
<file name="Equations_EN.gif" server="ftp.lafacroft.com//public_html/" local="128909392800000000" remote="128909392800000000" />
<file name="Expression_Builder_2.gif" server="ftp.lafacroft.com//public_html/" local="128909512200000000" remote="128909512200000000" />
<file name="FTC.gif" server="ftp.lafacroft.com//public_html/" local="128909403600000000" remote="128909403600000000" />
<file name="GuessTheGraph.gif" server="ftp.lafacroft.com//public_html/" local="128909515800000000" remote="128909515800000000" />
<file name="IntegralsAndAreas.gif" server="ftp.lafacroft.com//public_html/" local="128909403600000000" remote="128909403600000000" />
<file name="Interpolation+and+approximate+root+of+equations.gif" server="ftp.lafacroft.com//public_html/" local="128909392800000000" remote="128909392800000000" />
<file name="JohnM.gif" server="ftp.lafacroft.com//public_html/" local="128909393400000000" remote="128909393400000000" />
<file name="Lafacroft-Logo1.gif" server="ftp.lafacroft.com//public_html/" local="128793781800000000" remote="128793781800000000" />
<file name="Lafacroft-logo.gif" server="ftp.lafacroft.com//public_html/" local="128793781800000000" remote="128793781800000000" />
<file name="Matchstick_Puzzles2.gif" server="ftp.lafacroft.com//public_html/" local="128909395800000000" remote="128909395800000000" />
<file name="Monte Carlo.gif" server="ftp.lafacroft.com//public_html/" local="128909391600000000" remote="128909391600000000" />
<file name="Newtonsmethod.gif" server="ftp.lafacroft.com//public_html/" local="128909403000000000" remote="128909403000000000" />
<file name="Order of Operations.gif" server="ftp.lafacroft.com//public_html/" local="128909400000000000" remote="128909400000000000" />
<file name="ParabolaFocusProp.gif" server="ftp.lafacroft.com//public_html/" local="128909407800000000" remote="128909407800000000" />
<file name="ParametricMotion.gif" server="ftp.lafacroft.com//public_html/" local="128909407200000000" remote="128909407200000000" />
<file name="PosVelAcc.gif" server="ftp.lafacroft.com//public_html/" local="128909401200000000" remote="128909401200000000" />
<file name="RandomLinear.gif" server="ftp.lafacroft.com//public_html/" local="128909395200000000" remote="128909395200000000" />
<file name="Role_of_abc_in_quads.gif" server="ftp.lafacroft.com//public_html/" local="128909406600000000" remote="128909406600000000" />
<file name="RotateCubic.gif" server="ftp.lafacroft.com//public_html/" local="128909406000000000" remote="128909406000000000" />
<file name="Sector36.gif" server="ftp.lafacroft.com//public_html/" local="128909399400000000" remote="128909399400000000" />
<file name="Show dynamic equation.gif" server="ftp.lafacroft.com//public_html/" local="128909392200000000" remote="128909392200000000" />
<file name="SliderParameters.gif" server="ftp.lafacroft.com//public_html/" local="128909394000000000" remote="128909394000000000" />
<file name="TNS_Logo.gif" server="ftp.lafacroft.com//public_html/" local="128909393400000000" remote="128909393400000000" />
<file name="TrgValueMC.gif" server="ftp.lafacroft.com//public_html/" local="128909397000000000" remote="128909397000000000" />
<file name="TwoStep.gif" server="ftp.lafacroft.com//public_html/" local="128909406000000000" remote="128909406000000000" />
<file name="add.gif" server="ftp.lafacroft.com//public_html/" local="128856002400000000" remote="128856002400000000" />
<file name="alg2.gif" server="ftp.lafacroft.com//public_html/" local="128856002400000000" remote="128856002400000000" />
<file name="alg2library.gif" server="ftp.lafacroft.com//public_html/" local="128887685400000000" remote="128887685400000000" />
<file name="algebra_tiles.gif" server="ftp.lafacroft.com//public_html/" local="128887684200000000" remote="128887684200000000" />
<file name="apquiz1.gif" server="ftp.lafacroft.com//public_html/" local="128856002400000000" remote="128856002400000000" />
<file name="archivetitle.jpg" server="ftp.lafacroft.com//public_html/" local="128909251800000000" remote="128909251800000000" />
<file name="arcs.gif" server="ftp.lafacroft.com//public_html/" local="128856002400000000" remote="128856002400000000" />
<file name="arcsector.gif" server="ftp.lafacroft.com//public_html/" local="128856002400000000" remote="128856002400000000" />
<file name="background.jpg" server="ftp.lafacroft.com//public_html/" local="128793781800000000" remote="128793781800000000" />
<file name="centoid.gif" server="ftp.lafacroft.com//public_html/" local="128856002400000000" remote="128856002400000000" />
<file name="centroid.gif" server="ftp.lafacroft.com//public_html/" local="128909405400000000" remote="128909405400000000" />
<file name="chain rule.gif" server="ftp.lafacroft.com//public_html/" local="128856002400000000" remote="128856002400000000" />
<file name="circle area en.gif" server="ftp.lafacroft.com//public_html/" local="128856002400000000" remote="128856002400000000" />
<file name="concrete_algebra_1.gif" server="ftp.lafacroft.com//public_html/" local="128909517600000000" remote="128909517600000000" />
<file name="concrete_algebra_2.gif" server="ftp.lafacroft.com//public_html/" local="128909511600000000" remote="128909511600000000" />
<file name="concrete_algebra_3.gif" server="ftp.lafacroft.com//public_html/" local="128856003000000000" remote="128856003000000000" />
<file name="confidence intervals for means.gif" server="ftp.lafacroft.com//public_html/" local="128856003000000000" remote="128856003000000000" />
<file name="connect4.gif" server="ftp.lafacroft.com//public_html/" local="128856003000000000" remote="128856003000000000" />
<file name="ddddd.gif" server="ftp.lafacroft.com//public_html/" local="128857365000000000" remote="128857365000000000" />
<file name="ellpse a d hyperbola.gif" server="ftp.lafacroft.com//public_html/" local="128856003000000000" remote="128856003000000000" />
<file name="encrypt.jpg" server="ftp.lafacroft.com//public_html/" local="128908556400000000" remote="128908556400000000" />
<file name="equations en.gif" server="ftp.lafacroft.com//public_html/" local="128856003000000000" remote="128856003000000000" />
<file name="euler.gif" server="ftp.lafacroft.com//public_html/" local="128856003000000000" remote="128856003000000000" />
<file name="favicon.jpg" server="ftp.lafacroft.com//public_html/" local="128793781800000000" remote="128793781800000000" />
<file name="hyperbolic.gif" server="ftp.lafacroft.com//public_html/" local="128909518200000000" remote="128909518200000000" />
<file name="johnm2.gif" server="ftp.lafacroft.com//public_html/" local="128909393400000000" remote="128909393400000000" />
<file name="johnm3.gif" server="ftp.lafacroft.com//public_html/" local="128909402400000000" remote="128909402400000000" />
<file name="jordanlib.gif" server="ftp.lafacroft.com//public_html/" local="128887688400000000" remote="128887688400000000" />
<file name="keys1.JPG" server="ftp.lafacroft.com//public_html/" local="128897946000000000" remote="128897946000000000" />
<file name="lafacroft.jpg" server="ftp.lafacroft.com//public_html/" local="128793781800000000" remote="128793781800000000" />
<file name="lafacroftlogo.jpg" server="ftp.lafacroft.com//public_html/" local="128793781800000000" remote="128793781800000000" />
<file name="lftext.jpg" server="ftp.lafacroft.com//public_html/" local="128793781800000000" remote="128793781800000000" />
<file name="literal_equations+revised.gif" server="ftp.lafacroft.com//public_html/" local="128909518200000000" remote="128909518200000000" />
<file name="logo.jpg" server="ftp.lafacroft.com//public_html/" local="128793781800000000" remote="128793781800000000" />
<file name="lp.jpg" server="ftp.lafacroft.com//public_html/" local="128793781800000000" remote="128793781800000000" />
<file name="mannwhitney.gif" server="ftp.lafacroft.com//public_html/" local="128856003000000000" remote="128856003000000000" />
<file name="mazes.gif" server="ftp.lafacroft.com//public_html/" local="128909623800000000" remote="128909623800000000" />
<file name="midpoint&distance.gif" server="ftp.lafacroft.com//public_html/" local="128856003000000000" remote="128856003000000000" />
<file name="mouseindocs.gif" server="ftp.lafacroft.com//public_html/" local="128856005400000000" remote="128856005400000000" />
<file name="multipletransformation.gif" server="ftp.lafacroft.com//public_html/" local="128909518800000000" remote="128909518800000000" />
<file name="noimage.jpg" server="ftp.lafacroft.com//public_html/" local="128898195600000000" remote="128898195600000000" />
<file name="nspire.jpg" server="ftp.lafacroft.com//public_html/" local="128793781800000000" remote="128793781800000000" />
<file name="orderofoperations.gif" server="ftp.lafacroft.com//public_html/" local="128856003000000000" remote="128856003000000000" />
<file name="parabola.gif" server="ftp.lafacroft.com//public_html/" local="128909407800000000" remote="128909407800000000" />
<file name="param+trace.gif" server="ftp.lafacroft.com//public_html/" local="128909407200000000" remote="128909407200000000" />
<file name="parametricfriend.gif" server="ftp.lafacroft.com//public_html/" local="128856003000000000" remote="128856003000000000" />
<file name="pattern builder.gif" server="ftp.lafacroft.com//public_html/" local="128856003000000000" remote="128856003000000000" />
<file name="periodic.gif" server="ftp.lafacroft.com//public_html/" local="128856003000000000" remote="128856003000000000" />
<file name="periodic_EN.gif" server="ftp.lafacroft.com//public_html/" local="128909401800000000" remote="128909401800000000" />
<file name="pp.gif" server="ftp.lafacroft.com//public_html/" local="128857364400000000" remote="128857364400000000" />
<file name="quadvariations.gif" server="ftp.lafacroft.com//public_html/" local="128856003000000000" remote="128856003000000000" />
<file name="relayBird.gif" server="ftp.lafacroft.com//public_html/" local="128909402400000000" remote="128909402400000000" />
<file name="rold of abc in quads.gif" server="ftp.lafacroft.com//public_html/" local="128856003000000000" remote="128856003000000000" />
<file name="shadingsectors.gif" server="ftp.lafacroft.com//public_html/" local="128856003000000000" remote="128856003000000000" />
<file name="simplex.gif" server="ftp.lafacroft.com//public_html/" local="128856003000000000" remote="128856003000000000" />
<file name="sliderwithequation.gif" server="ftp.lafacroft.com//public_html/" local="128909394000000000" remote="128909394000000000" />
<file name="snowflake.gif" server="ftp.lafacroft.com//public_html/" local="128909393400000000" remote="128909393400000000" />
<file name="soggiesPrgm.gif" server="ftp.lafacroft.com//public_html/" local="128909394600000000" remote="128909394600000000" />
<file name="textedit.jpg" server="ftp.lafacroft.com//public_html/" local="128857369200000000" remote="128857369200000000" />
<file name="tirpg.gif" server="ftp.lafacroft.com//public_html/" local="128909615400000000" remote="128909615400000000" />
<file name="titlebackground.jpg" server="ftp.lafacroft.com//public_html/" local="128793782400000000" remote="128793782400000000" />
<file name="trigonometric+equations.gif" server="ftp.lafacroft.com//public_html/" local="128856003000000000" remote="128856003000000000" />
<file name="twostep.gif" server="ftp.lafacroft.com//public_html/" local="128856003000000000" remote="128856003000000000" />
<file name="velvector.gif" server="ftp.lafacroft.com//public_html/" local="128887690800000000" remote="128887690800000000" />
<file name="volumechallenge.gif" server="ftp.lafacroft.com//public_html/" local="128856003000000000" remote="128856003000000000" />
<file name="volumemcrosssection.gif" server="ftp.lafacroft.com//public_html/" local="128856003000000000" remote="128856003000000000" />
<file name="webplots.gif" server="ftp.lafacroft.com//public_html/" local="128856003000000000" remote="128856003000000000" />
<file name="windows" server="ftp.lafacroft.com//public_html/" local="128909238600000000" remote="128909238600000000" />
<file name="background_update.png" server="ftp.lafacroft.com/public_html/" local="128930829600000000" remote="128930829600000000" />
<file name="3d beta-s.jpg" server="ftp.lafacroft.com/public_html/" local="128908561200000000" remote="128908561200000000" />
<file name="Alg1Act7_WhatsMyRule_EN.jpg" server="ftp.lafacroft.com/public_html/" local="128856002400000000" remote="128856002400000000" />
<file name="Alg2Act25_GraphingInCircles_EN.gif" server="ftp.lafacroft.com/public_html/" local="128909514000000000" remote="128909514000000000" />
<file name="CAS_Cabri=Eccentric_Conics.gif" server="ftp.lafacroft.com/public_html/" local="128909509800000000" remote="128909509800000000" />
<file name="CAS_Cabri=Eccentric_Conics.jpg" server="ftp.lafacroft.com/public_html/" local="128856002400000000" remote="128856002400000000" />
<file name="Calendar.gif" server="ftp.lafacroft.com/public_html/" local="128856002400000000" remote="128856002400000000" />
<file name="ChordToCubic.gif" server="ftp.lafacroft.com/public_html/" local="128909509800000000" remote="128909509800000000" />
<file name="ChordToCubic.jpg" server="ftp.lafacroft.com/public_html/" local="128856002400000000" remote="128856002400000000" />
<file name="CompleteTheSquare.gif" server="ftp.lafacroft.com/public_html/" local="128909510400000000" remote="128909510400000000" />
<file name="Conics.gif" server="ftp.lafacroft.com/public_html/" local="128909425800000000" remote="128909425800000000" />
<file name="Conics_New.gif" server="ftp.lafacroft.com/public_html/" local="128909511000000000" remote="128909511000000000" />
<file name="CycloidsAndMore.gif" server="ftp.lafacroft.com/public_html/" local="128909404200000000" remote="128909404200000000" />
<file name="DEPlots.gif" server="ftp.lafacroft.com/public_html/" local="128909403600000000" remote="128909403600000000" />
<file name="DSCN5318.JPG" server="ftp.lafacroft.com/public_html/" local="128897946000000000" remote="128897946000000000" />
<file name="DSCN5319.JPG" server="ftp.lafacroft.com/public_html/" local="128897946000000000" remote="128897946000000000" />
<file name="Equation_Builder_2.gif" server="ftp.lafacroft.com/public_html/" local="128909513400000000" remote="128909513400000000" />
<file name="Equations_EN.gif" server="ftp.lafacroft.com/public_html/" local="128909392800000000" remote="128909392800000000" />
<file name="Expression_Builder_2.gif" server="ftp.lafacroft.com/public_html/" local="128909512200000000" remote="128909512200000000" />
<file name="FTC.gif" server="ftp.lafacroft.com/public_html/" local="128909403600000000" remote="128909403600000000" />
<file name="GuessTheGraph.gif" server="ftp.lafacroft.com/public_html/" local="128909515800000000" remote="128909515800000000" />
<file name="IntegralsAndAreas.gif" server="ftp.lafacroft.com/public_html/" local="128909403600000000" remote="128909403600000000" />
<file name="Interpolation+and+approximate+root+of+equations.gif" server="ftp.lafacroft.com/public_html/" local="128909392800000000" remote="128909392800000000" />
<file name="JohnM.gif" server="ftp.lafacroft.com/public_html/" local="128909393400000000" remote="128909393400000000" />
<file name="Lafacroft-Logo1.gif" server="ftp.lafacroft.com/public_html/" local="128793168000000000" remote="128793168000000000" />
<file name="Lafacroft-logo.gif" server="ftp.lafacroft.com/public_html/" local="128793168000000000" remote="128793168000000000" />
<file name="Matchstick_Puzzles2.gif" server="ftp.lafacroft.com/public_html/" local="128909395800000000" remote="128909395800000000" />
<file name="Monte Carlo.gif" server="ftp.lafacroft.com/public_html/" local="128909391600000000" remote="128909391600000000" />
<file name="Newtonsmethod.gif" server="ftp.lafacroft.com/public_html/" local="128909403000000000" remote="128909403000000000" />
<file name="Order of Operations.gif" server="ftp.lafacroft.com/public_html/" local="128909400000000000" remote="128909400000000000" />
<file name="ParabolaFocusProp.gif" server="ftp.lafacroft.com/public_html/" local="128909407800000000" remote="128909407800000000" />
<file name="ParametricMotion.gif" server="ftp.lafacroft.com/public_html/" local="128909407200000000" remote="128909407200000000" />
<file name="PosVelAcc.gif" server="ftp.lafacroft.com/public_html/" local="128909401200000000" remote="128909401200000000" />
<file name="RandomLinear.gif" server="ftp.lafacroft.com/public_html/" local="128909395200000000" remote="128909395200000000" />
<file name="Role_of_abc_in_quads.gif" server="ftp.lafacroft.com/public_html/" local="128909406600000000" remote="128909406600000000" />
<file name="RotateCubic.gif" server="ftp.lafacroft.com/public_html/" local="128909406000000000" remote="128909406000000000" />
<file name="Sector36.gif" server="ftp.lafacroft.com/public_html/" local="128909399400000000" remote="128909399400000000" />
<file name="Show dynamic equation.gif" server="ftp.lafacroft.com/public_html/" local="128909392200000000" remote="128909392200000000" />
<file name="SliderParameters.gif" server="ftp.lafacroft.com/public_html/" local="128909394000000000" remote="128909394000000000" />
<file name="TNS_Logo.gif" server="ftp.lafacroft.com/public_html/" local="128909393400000000" remote="128909393400000000" />
<file name="TrgValueMC.gif" server="ftp.lafacroft.com/public_html/" local="128909397000000000" remote="128909397000000000" />
<file name="TwoStep.gif" server="ftp.lafacroft.com/public_html/" local="128909406000000000" remote="128909406000000000" />
<file name="add.gif" server="ftp.lafacroft.com/public_html/" local="128856002400000000" remote="128856002400000000" />
<file name="alg2.gif" server="ftp.lafacroft.com/public_html/" local="128856002400000000" remote="128856002400000000" />
<file name="alg2library.gif" server="ftp.lafacroft.com/public_html/" local="128887685400000000" remote="128887685400000000" />
<file name="algebra_tiles.gif" server="ftp.lafacroft.com/public_html/" local="128887684200000000" remote="128887684200000000" />
<file name="apquiz1.gif" server="ftp.lafacroft.com/public_html/" local="128856002400000000" remote="128856002400000000" />
<file name="archivetitle.jpg" server="ftp.lafacroft.com/public_html/" local="128909251800000000" remote="128909251800000000" />
<file name="arcs.gif" server="ftp.lafacroft.com/public_html/" local="128856002400000000" remote="128856002400000000" />
<file name="arcsector.gif" server="ftp.lafacroft.com/public_html/" local="128856002400000000" remote="128856002400000000" />
<file name="background.jpg" server="ftp.lafacroft.com/public_html/" local="128793168000000000" remote="128793168000000000" />
<file name="centoid.gif" server="ftp.lafacroft.com/public_html/" local="128856002400000000" remote="128856002400000000" />
<file name="centroid.gif" server="ftp.lafacroft.com/public_html/" local="128909405400000000" remote="128909405400000000" />
<file name="chain rule.gif" server="ftp.lafacroft.com/public_html/" local="128856002400000000" remote="128856002400000000" />
<file name="circle area en.gif" server="ftp.lafacroft.com/public_html/" local="128856002400000000" remote="128856002400000000" />
<file name="concrete_algebra_1.gif" server="ftp.lafacroft.com/public_html/" local="128909517600000000" remote="128909517600000000" />
<file name="concrete_algebra_2.gif" server="ftp.lafacroft.com/public_html/" local="128909511600000000" remote="128909511600000000" />
<file name="concrete_algebra_3.gif" server="ftp.lafacroft.com/public_html/" local="128856003000000000" remote="128856003000000000" />
<file name="confidence intervals for means.gif" server="ftp.lafacroft.com/public_html/" local="128856003000000000" remote="128856003000000000" />
<file name="conics_new.gif" server="ftp.lafacroft.com/public_html/" local="128856003000000000" remote="128856003000000000" />
<file name="connect4.gif" server="ftp.lafacroft.com/public_html/" local="128856003000000000" remote="128856003000000000" />
<file name="cycloidsandmore.gif" server="ftp.lafacroft.com/public_html/" local="128856003000000000" remote="128856003000000000" />
<file name="ddddd.gif" server="ftp.lafacroft.com/public_html/" local="128857365000000000" remote="128857365000000000" />
<file name="ellpse a d hyperbola.gif" server="ftp.lafacroft.com/public_html/" local="128856003000000000" remote="128856003000000000" />
<file name="encrypt.jpg" server="ftp.lafacroft.com/public_html/" local="128908556400000000" remote="128908556400000000" />
<file name="equations en.gif" server="ftp.lafacroft.com/public_html/" local="128856003000000000" remote="128856003000000000" />
<file name="euler.gif" server="ftp.lafacroft.com/public_html/" local="128856003000000000" remote="128856003000000000" />
<file name="favicon.jpg" server="ftp.lafacroft.com/public_html/" local="128793168000000000" remote="128793168000000000" />
<file name="hyperbolic.gif" server="ftp.lafacroft.com/public_html/" local="128909518200000000" remote="128909518200000000" />
<file name="johnm2.gif" server="ftp.lafacroft.com/public_html/" local="128909393400000000" remote="128909393400000000" />
<file name="johnm3.gif" server="ftp.lafacroft.com/public_html/" local="128909402400000000" remote="128909402400000000" />
<file name="jordanlib.gif" server="ftp.lafacroft.com/public_html/" local="128887688400000000" remote="128887688400000000" />
<file name="keys1.JPG" server="ftp.lafacroft.com/public_html/" local="128897946000000000" remote="128897946000000000" />
<file name="lafacroft.jpg" server="ftp.lafacroft.com/public_html/" local="128793168000000000" remote="128793168000000000" />
<file name="lafacroftlogo.jpg" server="ftp.lafacroft.com/public_html/" local="128793168000000000" remote="128793168000000000" />
<file name="lftext.jpg" server="ftp.lafacroft.com/public_html/" local="128793168000000000" remote="128793168000000000" />
<file name="literal_equations+revised.gif" server="ftp.lafacroft.com/public_html/" local="128909518200000000" remote="128909518200000000" />
<file name="logo.jpg" server="ftp.lafacroft.com/public_html/" local="128793168000000000" remote="128793168000000000" />
<file name="lp.jpg" server="ftp.lafacroft.com/public_html/" local="128793168000000000" remote="128793168000000000" />
<file name="mannwhitney.gif" server="ftp.lafacroft.com/public_html/" local="128856003000000000" remote="128856003000000000" />
<file name="mazes.gif" server="ftp.lafacroft.com/public_html/" local="128909623800000000" remote="128909623800000000" />
<file name="midpoint&distance.gif" server="ftp.lafacroft.com/public_html/" local="128856003000000000" remote="128856003000000000" />
<file name="mouseindocs.gif" server="ftp.lafacroft.com/public_html/" local="128856005400000000" remote="128856005400000000" />
<file name="multipletransformation.gif" server="ftp.lafacroft.com/public_html/" local="128909518800000000" remote="128909518800000000" />
<file name="newtonsmethod.gif" server="ftp.lafacroft.com/public_html/" local="128856003000000000" remote="128856003000000000" />
<file name="noimage.jpg" server="ftp.lafacroft.com/public_html/" local="128898195600000000" remote="128898195600000000" />
<file name="nspire.jpg" server="ftp.lafacroft.com/public_html/" local="128793168000000000" remote="128793168000000000" />
<file name="orderofoperations.gif" server="ftp.lafacroft.com/public_html/" local="128856003000000000" remote="128856003000000000" />
<file name="parabola.gif" server="ftp.lafacroft.com/public_html/" local="128909407800000000" remote="128909407800000000" />
<file name="parabolafocusprop.gif" server="ftp.lafacroft.com/public_html/" local="128856003000000000" remote="128856003000000000" />
<file name="param+trace.gif" server="ftp.lafacroft.com/public_html/" local="128909407200000000" remote="128909407200000000" />
<file name="parametricfriend.gif" server="ftp.lafacroft.com/public_html/" local="128856003000000000" remote="128856003000000000" />
<file name="pattern builder.gif" server="ftp.lafacroft.com/public_html/" local="128856003000000000" remote="128856003000000000" />
<file name="periodic.gif" server="ftp.lafacroft.com/public_html/" local="128856003000000000" remote="128856003000000000" />
<file name="periodic_EN.gif" server="ftp.lafacroft.com/public_html/" local="128909401800000000" remote="128909401800000000" />
<file name="posvelacc.gif" server="ftp.lafacroft.com/public_html/" local="128856003000000000" remote="128856003000000000" />
<file name="pp.gif" server="ftp.lafacroft.com/public_html/" local="128857364400000000" remote="128857364400000000" />
<file name="quadvariations.gif" server="ftp.lafacroft.com/public_html/" local="128856003000000000" remote="128856003000000000" />
<file name="relayBird.gif" server="ftp.lafacroft.com/public_html/" local="128909402400000000" remote="128909402400000000" />
<file name="relaybird.gif" server="ftp.lafacroft.com/public_html/" local="128856003000000000" remote="128856003000000000" />
<file name="rold of abc in quads.gif" server="ftp.lafacroft.com/public_html/" local="128856003000000000" remote="128856003000000000" />
<file name="rotatecubic.gif" server="ftp.lafacroft.com/public_html/" local="128856003000000000" remote="128856003000000000" />
<file name="shadingsectors.gif" server="ftp.lafacroft.com/public_html/" local="128856003000000000" remote="128856003000000000" />
<file name="simplex.gif" server="ftp.lafacroft.com/public_html/" local="128856003000000000" remote="128856003000000000" />
<file name="sliderwithequation.gif" server="ftp.lafacroft.com/public_html/" local="128909394000000000" remote="128909394000000000" />
<file name="snowflake.gif" server="ftp.lafacroft.com/public_html/" local="128909393400000000" remote="128909393400000000" />
<file name="soggiesPrgm.gif" server="ftp.lafacroft.com/public_html/" local="128909394600000000" remote="128909394600000000" />
<file name="textedit.jpg" server="ftp.lafacroft.com/public_html/" local="128857369200000000" remote="128857369200000000" />
<file name="tirpg.gif" server="ftp.lafacroft.com/public_html/" local="128909615400000000" remote="128909615400000000" />
<file name="titlebackground.jpg" server="ftp.lafacroft.com/public_html/" local="128793168000000000" remote="128793168000000000" />
<file name="trigonometric+equations.gif" server="ftp.lafacroft.com/public_html/" local="128856003000000000" remote="128856003000000000" />
<file name="twostep.gif" server="ftp.lafacroft.com/public_html/" local="128856003000000000" remote="128856003000000000" />
<file name="velvector.gif" server="ftp.lafacroft.com/public_html/" local="128887690800000000" remote="128887690800000000" />
<file name="volumechallenge.gif" server="ftp.lafacroft.com/public_html/" local="128856003000000000" remote="128856003000000000" />
<file name="volumemcrosssection.gif" server="ftp.lafacroft.com/public_html/" local="128856003000000000" remote="128856003000000000" />
<file name="webplots.gif" server="ftp.lafacroft.com/public_html/" local="128856003000000000" remote="128856003000000000" />
<file name="windows" server="ftp.lafacroft.com/public_html/" local="128909238600000000" remote="128909238600000000" />
</dwsync>