<?xml version="1.0" encoding="utf-8" ?>
<dwsync>
<file name="Centroid_2.tns" server="ftp.lafacroft.com//public_html/" local="128826670800000000" remote="128826670800000000" />
<file name="Chain_Rule.tns" server="ftp.lafacroft.com//public_html/" local="128826675000000000" remote="128826675000000000" />
<file name="CycloidsAndMore.tns" server="ftp.lafacroft.com//public_html/" local="128800611000000000" remote="128800611000000000" />
<file name="DEPlots.tns" server="ftp.lafacroft.com//public_html/" local="128795457600000000" remote="128795457600000000" />
<file name="FTC.tns" server="ftp.lafacroft.com//public_html/" local="128795457600000000" remote="128795457600000000" />
<file name="IntegralsAndAreas.tns" server="ftp.lafacroft.com//public_html/" local="128795457600000000" remote="128795457600000000" />
<file name="NewtonsMethod.tns" server="ftp.lafacroft.com//public_html/" local="128795457600000000" remote="128795457600000000" />
<file name="apquiz1.tns" server="ftp.lafacroft.com//public_html/" local="128795457600000000" remote="128795457600000000" />
<file name="apquiz2.tns" server="ftp.lafacroft.com//public_html/" local="128795457600000000" remote="128795457600000000" />
<file name="centroid.tns" server="ftp.lafacroft.com//public_html/" local="128795457600000000" remote="128795457600000000" />
<file name="converter_tools.tns" server="ftp.lafacroft.com//public_html/" local="128909509800000000" remote="128909509800000000" />
<file name="relayBird.tns" server="ftp.lafacroft.com//public_html/" local="128795457600000000" remote="128795457600000000" />
<file name="Centroid_2.tns" server="ftp.lafacroft.com/public_html/" local="128826670800000000" remote="128826670800000000" />
<file name="Chain_Rule.tns" server="ftp.lafacroft.com/public_html/" local="128826675000000000" remote="128826675000000000" />
<file name="CycloidsAndMore.tns" server="ftp.lafacroft.com/public_html/" local="128800080000000000" remote="128800080000000000" />
<file name="DEPlots.tns" server="ftp.lafacroft.com/public_html/" local="128794896000000000" remote="128794896000000000" />
<file name="FTC.tns" server="ftp.lafacroft.com/public_html/" local="128794896000000000" remote="128794896000000000" />
<file name="IntegralsAndAreas.tns" server="ftp.lafacroft.com/public_html/" local="128794896000000000" remote="128794896000000000" />
<file name="NewtonsMethod.tns" server="ftp.lafacroft.com/public_html/" local="128794896000000000" remote="128794896000000000" />
<file name="apquiz1.tns" server="ftp.lafacroft.com/public_html/" local="128794896000000000" remote="128794896000000000" />
<file name="apquiz2.tns" server="ftp.lafacroft.com/public_html/" local="128794896000000000" remote="128794896000000000" />
<file name="centroid.tns" server="ftp.lafacroft.com/public_html/" local="128794896000000000" remote="128794896000000000" />
<file name="converter_tools.tns" server="ftp.lafacroft.com/public_html/" local="128909509800000000" remote="128909509800000000" />
<file name="relayBird.tns" server="ftp.lafacroft.com/public_html/" local="128794896000000000" remote="128794896000000000" />
</dwsync>