<?xml version="1.0" encoding="utf-8" ?>
<dwsync>
<file name="3d beta-s.jpg" server="ftp.lafacroft.com/public_html/" local="128943756000000000" remote="128943756000000000" />
<file name="Alg1Act7_WhatsMyRule_EN.jpg" server="ftp.lafacroft.com/public_html/" local="128943756000000000" remote="128943756000000000" />
<file name="Alg2Act25_GraphingInCircles_EN.gif" server="ftp.lafacroft.com/public_html/" local="128943756000000000" remote="128943756000000000" />
<file name="CAS_Cabri=Eccentric_Conics.gif" server="ftp.lafacroft.com/public_html/" local="128943756000000000" remote="128943756000000000" />
<file name="CAS_Cabri=Eccentric_Conics.jpg" server="ftp.lafacroft.com/public_html/" local="128943756000000000" remote="128943756000000000" />
<file name="Calendar.gif" server="ftp.lafacroft.com/public_html/" local="128943756000000000" remote="128943756000000000" />
<file name="ChordToCubic.gif" server="ftp.lafacroft.com/public_html/" local="128943756000000000" remote="128943756000000000" />
<file name="ChordToCubic.jpg" server="ftp.lafacroft.com/public_html/" local="128943756000000000" remote="128943756000000000" />
<file name="CompleteTheSquare.gif" server="ftp.lafacroft.com/public_html/" local="128943756000000000" remote="128943756000000000" />
<file name="Conics.gif" server="ftp.lafacroft.com/public_html/" local="128943756000000000" remote="128943756000000000" />
<file name="DEPlots.gif" server="ftp.lafacroft.com/public_html/" local="128943756000000000" remote="128943756000000000" />
<file name="DSCN5318.JPG" server="ftp.lafacroft.com/public_html/" local="128943756600000000" remote="128943756600000000" />
<file name="DSCN5319.JPG" server="ftp.lafacroft.com/public_html/" local="128943756600000000" remote="128943756600000000" />
<file name="Equation_Builder_2.gif" server="ftp.lafacroft.com/public_html/" local="128943756600000000" remote="128943756600000000" />
<file name="Equations_EN.gif" server="ftp.lafacroft.com/public_html/" local="128943756600000000" remote="128943756600000000" />
<file name="Expression_Builder_2.gif" server="ftp.lafacroft.com/public_html/" local="128943756600000000" remote="128943756600000000" />
<file name="FTC.gif" server="ftp.lafacroft.com/public_html/" local="128943756600000000" remote="128943756600000000" />
<file name="GuessTheGraph.gif" server="ftp.lafacroft.com/public_html/" local="128943756600000000" remote="128943756600000000" />
<file name="IntegralsAndAreas.gif" server="ftp.lafacroft.com/public_html/" local="128943756600000000" remote="128943756600000000" />
<file name="Interpolation+and+approximate+root+of+equations.gif" server="ftp.lafacroft.com/public_html/" local="128943756600000000" remote="128943756600000000" />
<file name="JohnM.gif" server="ftp.lafacroft.com/public_html/" local="128943756600000000" remote="128943756600000000" />
<file name="Lafacroft-Logo1.gif" server="ftp.lafacroft.com/public_html/" local="128943756600000000" remote="128943756600000000" />
<file name="Lafacroft-logo.gif" server="ftp.lafacroft.com/public_html/" local="128943756600000000" remote="128943756600000000" />
<file name="Matchstick_Puzzles2.gif" server="ftp.lafacroft.com/public_html/" local="128943756600000000" remote="128943756600000000" />
<file name="Monte Carlo.gif" server="ftp.lafacroft.com/public_html/" local="128943756600000000" remote="128943756600000000" />
<file name="Order of Operations.gif" server="ftp.lafacroft.com/public_html/" local="128943756600000000" remote="128943756600000000" />
<file name="ParametricMotion.gif" server="ftp.lafacroft.com/public_html/" local="128943756600000000" remote="128943756600000000" />
<file name="RandomLinear.gif" server="ftp.lafacroft.com/public_html/" local="128943757200000000" remote="128943757200000000" />
<file name="Role_of_abc_in_quads.gif" server="ftp.lafacroft.com/public_html/" local="128943757200000000" remote="128943757200000000" />
<file name="Sector36.gif" server="ftp.lafacroft.com/public_html/" local="128943757200000000" remote="128943757200000000" />
<file name="Show dynamic equation.gif" server="ftp.lafacroft.com/public_html/" local="128943757200000000" remote="128943757200000000" />
<file name="SliderParameters.gif" server="ftp.lafacroft.com/public_html/" local="128943757200000000" remote="128943757200000000" />
<file name="TNS_Logo.gif" server="ftp.lafacroft.com/public_html/" local="128943757200000000" remote="128943757200000000" />
<file name="TrgValueMC.gif" server="ftp.lafacroft.com/public_html/" local="128943757200000000" remote="128943757200000000" />
<file name="add.gif" server="ftp.lafacroft.com/public_html/" local="128943756000000000" remote="128943756000000000" />
<file name="alg2.gif" server="ftp.lafacroft.com/public_html/" local="128943756000000000" remote="128943756000000000" />
<file name="alg2library.gif" server="ftp.lafacroft.com/public_html/" local="128943756000000000" remote="128943756000000000" />
<file name="algebra_tiles.gif" server="ftp.lafacroft.com/public_html/" local="128943756000000000" remote="128943756000000000" />
<file name="apquiz1.gif" server="ftp.lafacroft.com/public_html/" local="128943756000000000" remote="128943756000000000" />
<file name="archivetitle.jpg" server="ftp.lafacroft.com/public_html/" local="128943756000000000" remote="128943756000000000" />
<file name="arcs.gif" server="ftp.lafacroft.com/public_html/" local="128943756000000000" remote="128943756000000000" />
<file name="arcsector.gif" server="ftp.lafacroft.com/public_html/" local="128943756000000000" remote="128943756000000000" />
<file name="background.jpg" server="ftp.lafacroft.com/public_html/" local="128943756000000000" remote="128943756000000000" />
<file name="background_update.png" server="ftp.lafacroft.com/public_html/" local="128943756000000000" remote="128943756000000000" />
<file name="centoid.gif" server="ftp.lafacroft.com/public_html/" local="128943756000000000" remote="128943756000000000" />
<file name="centroid.gif" server="ftp.lafacroft.com/public_html/" local="128943756000000000" remote="128943756000000000" />
<file name="chain rule.gif" server="ftp.lafacroft.com/public_html/" local="128943756000000000" remote="128943756000000000" />
<file name="circle area en.gif" server="ftp.lafacroft.com/public_html/" local="128943756000000000" remote="128943756000000000" />
<file name="concrete_algebra_1.gif" server="ftp.lafacroft.com/public_html/" local="128943756000000000" remote="128943756000000000" />
<file name="concrete_algebra_2.gif" server="ftp.lafacroft.com/public_html/" local="128943756000000000" remote="128943756000000000" />
<file name="concrete_algebra_3.gif" server="ftp.lafacroft.com/public_html/" local="128943756000000000" remote="128943756000000000" />
<file name="confidence intervals for means.gif" server="ftp.lafacroft.com/public_html/" local="128943756000000000" remote="128943756000000000" />
<file name="conics_new.gif" server="ftp.lafacroft.com/public_html/" local="128943756000000000" remote="128943756000000000" />
<file name="connect4.gif" server="ftp.lafacroft.com/public_html/" local="128943756000000000" remote="128943756000000000" />
<file name="cycloidsandmore.gif" server="ftp.lafacroft.com/public_html/" local="128943756000000000" remote="128943756000000000" />
<file name="ddddd.gif" server="ftp.lafacroft.com/public_html/" local="128943756000000000" remote="128943756000000000" />
<file name="dynamicplusminus.gif" server="ftp.lafacroft.com/public_html/" local="128946636000000000" remote="128946636000000000" />
<file name="dynamicplusminus1.gif" server="ftp.lafacroft.com/public_html/" local="128946636600000000" remote="128946636600000000" />
<file name="dynamicplusminus2.gif" server="ftp.lafacroft.com/public_html/" local="128946637800000000" remote="128946637800000000" />
<file name="ellpse a d hyperbola.gif" server="ftp.lafacroft.com/public_html/" local="128943756600000000" remote="128943756600000000" />
<file name="encrypt.jpg" server="ftp.lafacroft.com/public_html/" local="128943756600000000" remote="128943756600000000" />
<file name="equations en.gif" server="ftp.lafacroft.com/public_html/" local="128943756600000000" remote="128943756600000000" />
<file name="euler.gif" server="ftp.lafacroft.com/public_html/" local="128943756600000000" remote="128943756600000000" />
<file name="favicon.jpg" server="ftp.lafacroft.com/public_html/" local="128943756600000000" remote="128943756600000000" />
<file name="hyperbolic.gif" server="ftp.lafacroft.com/public_html/" local="128943756600000000" remote="128943756600000000" />
<file name="johnm2.gif" server="ftp.lafacroft.com/public_html/" local="128943756600000000" remote="128943756600000000" />
<file name="johnm3.gif" server="ftp.lafacroft.com/public_html/" local="128943756600000000" remote="128943756600000000" />
<file name="jordanlib.gif" server="ftp.lafacroft.com/public_html/" local="128943756600000000" remote="128943756600000000" />
<file name="keys1.JPG" server="ftp.lafacroft.com/public_html/" local="128943756600000000" remote="128943756600000000" />
<file name="lafacroft.jpg" server="ftp.lafacroft.com/public_html/" local="128943756600000000" remote="128943756600000000" />
<file name="lafacroftlogo.jpg" server="ftp.lafacroft.com/public_html/" local="128943756600000000" remote="128943756600000000" />
<file name="lftext.jpg" server="ftp.lafacroft.com/public_html/" local="128943756600000000" remote="128943756600000000" />
<file name="literal_equations+revised.gif" server="ftp.lafacroft.com/public_html/" local="128943756600000000" remote="128943756600000000" />
<file name="logo.jpg" server="ftp.lafacroft.com/public_html/" local="128943756600000000" remote="128943756600000000" />
<file name="lp.jpg" server="ftp.lafacroft.com/public_html/" local="128943756600000000" remote="128943756600000000" />
<file name="mannwhitney.gif" server="ftp.lafacroft.com/public_html/" local="128943756600000000" remote="128943756600000000" />
<file name="mazes.gif" server="ftp.lafacroft.com/public_html/" local="128943756600000000" remote="128943756600000000" />
<file name="midpoint&distance.gif" server="ftp.lafacroft.com/public_html/" local="128943756600000000" remote="128943756600000000" />
<file name="mouseindocs.gif" server="ftp.lafacroft.com/public_html/" local="128943756600000000" remote="128943756600000000" />
<file name="multipletransformation.gif" server="ftp.lafacroft.com/public_html/" local="128943756600000000" remote="128943756600000000" />
<file name="newtonsmethod.gif" server="ftp.lafacroft.com/public_html/" local="128943756600000000" remote="128943756600000000" />
<file name="noimage.jpg" server="ftp.lafacroft.com/public_html/" local="128943756600000000" remote="128943756600000000" />
<file name="nspire.jpg" server="ftp.lafacroft.com/public_html/" local="128943756600000000" remote="128943756600000000" />
<file name="orderofoperations.gif" server="ftp.lafacroft.com/public_html/" local="128943756600000000" remote="128943756600000000" />
<file name="parabola.gif" server="ftp.lafacroft.com/public_html/" local="128943756600000000" remote="128943756600000000" />
<file name="parabola_vertex_form.gif" server="ftp.lafacroft.com/public_html/" local="128946639600000000" remote="128946639600000000" />
<file name="parabolafocusprop.gif" server="ftp.lafacroft.com/public_html/" local="128943756600000000" remote="128943756600000000" />
<file name="param+trace.gif" server="ftp.lafacroft.com/public_html/" local="128943756600000000" remote="128943756600000000" />
<file name="parametricfriend.gif" server="ftp.lafacroft.com/public_html/" local="128943756600000000" remote="128943756600000000" />
<file name="pattern builder.gif" server="ftp.lafacroft.com/public_html/" local="128943756600000000" remote="128943756600000000" />
<file name="periodic.gif" server="ftp.lafacroft.com/public_html/" local="128943756600000000" remote="128943756600000000" />
<file name="periodic_EN.gif" server="ftp.lafacroft.com/public_html/" local="128943757200000000" remote="128943757200000000" />
<file name="posvelacc.gif" server="ftp.lafacroft.com/public_html/" local="128943757200000000" remote="128943757200000000" />
<file name="pp.gif" server="ftp.lafacroft.com/public_html/" local="128943757200000000" remote="128943757200000000" />
<file name="quadvariations.gif" server="ftp.lafacroft.com/public_html/" local="128943757200000000" remote="128943757200000000" />
<file name="relaybird.gif" server="ftp.lafacroft.com/public_html/" local="128943757200000000" remote="128943757200000000" />
<file name="rold of abc in quads.gif" server="ftp.lafacroft.com/public_html/" local="128943757200000000" remote="128943757200000000" />
<file name="rotatecubic.gif" server="ftp.lafacroft.com/public_html/" local="128943757200000000" remote="128943757200000000" />
<file name="shadingsectors.gif" server="ftp.lafacroft.com/public_html/" local="128943757200000000" remote="128943757200000000" />
<file name="simplex.gif" server="ftp.lafacroft.com/public_html/" local="128943757200000000" remote="128943757200000000" />
<file name="sliderwithequation.gif" server="ftp.lafacroft.com/public_html/" local="128943757200000000" remote="128943757200000000" />
<file name="snowflake.gif" server="ftp.lafacroft.com/public_html/" local="128943757200000000" remote="128943757200000000" />
<file name="soggiesPrgm.gif" server="ftp.lafacroft.com/public_html/" local="128943757200000000" remote="128943757200000000" />
<file name="textedit.jpg" server="ftp.lafacroft.com/public_html/" local="128943757200000000" remote="128943757200000000" />
<file name="tirpg.gif" server="ftp.lafacroft.com/public_html/" local="128943757200000000" remote="128943757200000000" />
<file name="titlebackground.jpg" server="ftp.lafacroft.com/public_html/" local="128943757200000000" remote="128943757200000000" />
<file name="treewithpointer.gif" server="ftp.lafacroft.com/public_html/" local="128946641400000000" remote="128946641400000000" />
<file name="trigonometric+equations.gif" server="ftp.lafacroft.com/public_html/" local="128943757200000000" remote="128943757200000000" />
<file name="twostep.gif" server="ftp.lafacroft.com/public_html/" local="128943757200000000" remote="128943757200000000" />
<file name="velvector.gif" server="ftp.lafacroft.com/public_html/" local="128943757200000000" remote="128943757200000000" />
<file name="volumechallenge.gif" server="ftp.lafacroft.com/public_html/" local="128943757200000000" remote="128943757200000000" />
<file name="volumemcrosssection.gif" server="ftp.lafacroft.com/public_html/" local="128943757200000000" remote="128943757200000000" />
<file name="webplots.gif" server="ftp.lafacroft.com/public_html/" local="128943757200000000" remote="128943757200000000" />
<file name="windows" server="ftp.lafacroft.com/public_html/" local="128943757200000000" remote="128943757200000000" />
</dwsync>