<?xml version="1.0" encoding="utf-8" ?>
<dwsync>
<file name="RandomLinear.tns" server="ftp.lafacroft.com//public_html/" local="128795457600000000" remote="128795457600000000" />
<file name="Simplex.tns" server="ftp.lafacroft.com//public_html/" local="128795457600000000" remote="128795457600000000" />
<file name="johnm2.tns" server="ftp.lafacroft.com//public_html/" local="128795457600000000" remote="128795457600000000" />
<file name="webplots.tns" server="ftp.lafacroft.com//public_html/" local="128795458200000000" remote="128795458200000000" />
<file name="RandomLinear.tns" server="ftp.lafacroft.com/public_html/" local="128794896000000000" remote="128794896000000000" />
<file name="Simplex.tns" server="ftp.lafacroft.com/public_html/" local="128794896000000000" remote="128794896000000000" />
<file name="johnm2.tns" server="ftp.lafacroft.com/public_html/" local="128794896000000000" remote="128794896000000000" />
<file name="webplots.tns" server="ftp.lafacroft.com/public_html/" local="128794896000000000" remote="128794896000000000" />
</dwsync>