<?xml version="1.0" encoding="utf-8" ?>
<dwsync>
<file name="MaunaLoa+1958-2008b.tns" server="ftp.lafacroft.com//public_html/" local="128795457600000000" remote="128795457600000000" />
<file name="Periodic_EN.tns" server="ftp.lafacroft.com//public_html/" local="128795457600000000" remote="128795457600000000" />
<file name="Periodic_PT.tns" server="ftp.lafacroft.com//public_html/" local="128795457600000000" remote="128795457600000000" />
<file name="PosVelAcc.tns" server="ftp.lafacroft.com//public_html/" local="128795457600000000" remote="128795457600000000" />
<file name="mauna.loa+1995-2004.tns" server="ftp.lafacroft.com//public_html/" local="128795457600000000" remote="128795457600000000" />
<file name="mauna.loa.tns" server="ftp.lafacroft.com//public_html/" local="128795457600000000" remote="128795457600000000" />
<file name="MaunaLoa+1958-2008b.tns" server="ftp.lafacroft.com/public_html/" local="128794896000000000" remote="128794896000000000" />
<file name="Periodic_EN.tns" server="ftp.lafacroft.com/public_html/" local="128794896000000000" remote="128794896000000000" />
<file name="Periodic_PT.tns" server="ftp.lafacroft.com/public_html/" local="128794896000000000" remote="128794896000000000" />
<file name="PosVelAcc.tns" server="ftp.lafacroft.com/public_html/" local="128794896000000000" remote="128794896000000000" />
<file name="mauna.loa+1995-2004.tns" server="ftp.lafacroft.com/public_html/" local="128794896000000000" remote="128794896000000000" />
<file name="mauna.loa.tns" server="ftp.lafacroft.com/public_html/" local="128794896000000000" remote="128794896000000000" />
</dwsync>