<?xml version="1.0" encoding="utf-8" ?>
<dwsync>
<file name="Algebra II.tns" server="ftp.lafacroft.com//public_html/" local="128887664400000000" remote="128887664400000000" />
<file name="Algebra_Tools.tns" server="ftp.lafacroft.com//public_html/" local="128795457600000000" remote="128795457600000000" />
<file name="Amortization1.tns" server="ftp.lafacroft.com//public_html/" local="128826672000000000" remote="128826672000000000" />
<file name="Equations_EN.tns" server="ftp.lafacroft.com//public_html/" local="128809061400000000" remote="128809061400000000" />
<file name="Euler.tns" server="ftp.lafacroft.com//public_html/" local="128795457600000000" remote="128795457600000000" />
<file name="Interpolation+and+approximate+root+of+equation.tns" server="ftp.lafacroft.com//public_html/" local="128795457600000000" remote="128795457600000000" />
<file name="Laplace+and+inverse+laplace+transform.tns" server="ftp.lafacroft.com//public_html/" local="128795457600000000" remote="128795457600000000" />
<file name="add.tns" server="ftp.lafacroft.com//public_html/" local="128795457600000000" remote="128795457600000000" />
<file name="add2CAS.tns" server="ftp.lafacroft.com//public_html/" local="128795457600000000" remote="128795457600000000" />
<file name="alg2.tns" server="ftp.lafacroft.com//public_html/" local="128826690000000000" remote="128826690000000000" />
<file name="jordan.tns" server="ftp.lafacroft.com//public_html/" local="128887688400000000" remote="128887688400000000" />
<file name="Algebra II.tns" server="ftp.lafacroft.com/public_html/" local="128887664400000000" remote="128887664400000000" />
<file name="Algebra_Tools.tns" server="ftp.lafacroft.com/public_html/" local="128794896000000000" remote="128794896000000000" />
<file name="Amortization1.tns" server="ftp.lafacroft.com/public_html/" local="128826672000000000" remote="128826672000000000" />
<file name="Equations_EN.tns" server="ftp.lafacroft.com/public_html/" local="128808720000000000" remote="128808720000000000" />
<file name="Euler.tns" server="ftp.lafacroft.com/public_html/" local="128794896000000000" remote="128794896000000000" />
<file name="Interpolation+and+approximate+root+of+equation.tns" server="ftp.lafacroft.com/public_html/" local="128794896000000000" remote="128794896000000000" />
<file name="Laplace+and+inverse+laplace+transform.tns" server="ftp.lafacroft.com/public_html/" local="128794896000000000" remote="128794896000000000" />
<file name="add.tns" server="ftp.lafacroft.com/public_html/" local="128794896000000000" remote="128794896000000000" />
<file name="add1.tns" server="ftp.lafacroft.com/public_html/" local="128946632400000000" remote="128946632400000000" />
<file name="add2CAS.tns" server="ftp.lafacroft.com/public_html/" local="128941259400000000" remote="128941259400000000" />
<file name="alg2.tns" server="ftp.lafacroft.com/public_html/" local="128826690000000000" remote="128826690000000000" />
<file name="jordan.tns" server="ftp.lafacroft.com/public_html/" local="128887688400000000" remote="128887688400000000" />
</dwsync>