<?xml version="1.0" encoding="utf-8" ?>
<dwsync>
<file name="AngleInSemicircle.gif" server="ftp.lafacroft.com//public_html/" local="128798076000000000" remote="128798076000000000" />
<file name="BoxProbByBird.gif" server="ftp.lafacroft.com//public_html/" local="128798076000000000" remote="128798076000000000" />
<file name="Matrix_Geometry.gif" server="ftp.lafacroft.com//public_html/" local="128798076000000000" remote="128798076000000000" />
<file name="Pythagorean+PWOW.gif" server="ftp.lafacroft.com//public_html/" local="128798076000000000" remote="128798076000000000" />
<file name="RotatePolygon_ns.gif" server="ftp.lafacroft.com//public_html/" local="128798076000000000" remote="128798076000000000" />
<file name="Trigonometric_Circle_EN.gif" server="ftp.lafacroft.com//public_html/" local="128798076000000000" remote="128798076000000000" />
<file name="VolumeChallenge.gif" server="ftp.lafacroft.com//public_html/" local="128798076000000000" remote="128798076000000000" />
<file name="angles+and+triangle+centers.gif" server="ftp.lafacroft.com//public_html/" local="128798076000000000" remote="128798076000000000" />
<file name="pyth_dissection.gif" server="ftp.lafacroft.com//public_html/" local="128798076000000000" remote="128798076000000000" />
<file name="AngleInSemicircle.gif" server="ftp.lafacroft.com/public_html/" local="128797488000000000" remote="128797488000000000" />
<file name="BoxProbByBird.gif" server="ftp.lafacroft.com/public_html/" local="128797488000000000" remote="128797488000000000" />
<file name="Matrix_Geometry.gif" server="ftp.lafacroft.com/public_html/" local="128797488000000000" remote="128797488000000000" />
<file name="Pythagorean+PWOW.gif" server="ftp.lafacroft.com/public_html/" local="128797488000000000" remote="128797488000000000" />
<file name="RotatePolygon_ns.gif" server="ftp.lafacroft.com/public_html/" local="128797488000000000" remote="128797488000000000" />
<file name="Trigonometric_Circle_EN.gif" server="ftp.lafacroft.com/public_html/" local="128797488000000000" remote="128797488000000000" />
<file name="VolumeChallenge.gif" server="ftp.lafacroft.com/public_html/" local="128797488000000000" remote="128797488000000000" />
<file name="angles+and+triangle+centers.gif" server="ftp.lafacroft.com/public_html/" local="128797488000000000" remote="128797488000000000" />
<file name="pyth_dissection.gif" server="ftp.lafacroft.com/public_html/" local="128797488000000000" remote="128797488000000000" />
</dwsync>