<?xml version="1.0" encoding="utf-8" ?>
<dwsync>
<file name="Alg1Act7_WhatsMyRule_EN.tns" server="ftp.lafacroft.com//public_html/" local="128795457600000000" remote="128795457600000000" />
<file name="Alg2Act25_GraphingInCircles_EN.tns" server="ftp.lafacroft.com//public_html/" local="128795457600000000" remote="128795457600000000" />
<file name="Algebra+Tiles.tns" server="ftp.lafacroft.com//public_html/" local="128887684200000000" remote="128887684200000000" />
<file name="CAS_Cabri=Eccentric_Conics.tns" server="ftp.lafacroft.com//public_html/" local="128795457600000000" remote="128795457600000000" />
<file name="ChordToCubic.tns" server="ftp.lafacroft.com//public_html/" local="128795457600000000" remote="128795457600000000" />
<file name="CompleteTheSquare.tns" server="ftp.lafacroft.com//public_html/" local="128795457600000000" remote="128795457600000000" />
<file name="Conics.tns" server="ftp.lafacroft.com//public_html/" local="128798578800000000" remote="128798578800000000" />
<file name="Conics_New.tns" server="ftp.lafacroft.com//public_html/" local="128795457600000000" remote="128795457600000000" />
<file name="Equation_Builder_2.tns" server="ftp.lafacroft.com//public_html/" local="128795457600000000" remote="128795457600000000" />
<file name="Expression_Builder_2.tns" server="ftp.lafacroft.com//public_html/" local="128795457600000000" remote="128795457600000000" />
<file name="GuessTheGraph.tns" server="ftp.lafacroft.com//public_html/" local="128795457600000000" remote="128795457600000000" />
<file name="INalg1_Istep_a.tns" server="ftp.lafacroft.com//public_html/" local="128795457600000000" remote="128795457600000000" />
<file name="ParabolaFocusProp.tns" server="ftp.lafacroft.com//public_html/" local="128795457600000000" remote="128795457600000000" />
<file name="Param+trace.tns" server="ftp.lafacroft.com//public_html/" local="128795457600000000" remote="128795457600000000" />
<file name="ParametricFriend.tns" server="ftp.lafacroft.com//public_html/" local="128826683400000000" remote="128826683400000000" />
<file name="ParametricMotion.tns" server="ftp.lafacroft.com//public_html/" local="128795457600000000" remote="128795457600000000" />
<file name="Pie+Chart.tns" server="ftp.lafacroft.com//public_html/" local="128826688200000000" remote="128826688200000000" />
<file name="QuadVariations.tns" server="ftp.lafacroft.com//public_html/" local="128795457600000000" remote="128795457600000000" />
<file name="RotateCubic.tns" server="ftp.lafacroft.com//public_html/" local="128795457600000000" remote="128795457600000000" />
<file name="TwoStep.tns" server="ftp.lafacroft.com//public_html/" local="128795457600000000" remote="128795457600000000" />
<file name="VelocityVector.tns" server="ftp.lafacroft.com//public_html/" local="128887690800000000" remote="128887690800000000" />
<file name="concrete_algebra_1.tns" server="ftp.lafacroft.com//public_html/" local="128795457600000000" remote="128795457600000000" />
<file name="concrete_algebra_2.tns" server="ftp.lafacroft.com//public_html/" local="128795457600000000" remote="128795457600000000" />
<file name="concrete_algebra_3.tns" server="ftp.lafacroft.com//public_html/" local="128795457600000000" remote="128795457600000000" />
<file name="converter_tools.tns" server="ftp.lafacroft.com//public_html/" local="128909517000000000" remote="128909517000000000" />
<file name="hyperbolic.tns" server="ftp.lafacroft.com//public_html/" local="128795457600000000" remote="128795457600000000" />
<file name="literal_equations+revised.tns" server="ftp.lafacroft.com//public_html/" local="128795457600000000" remote="128795457600000000" />
<file name="multipletransformation.tns" server="ftp.lafacroft.com//public_html/" local="128795457600000000" remote="128795457600000000" />
<file name="parabola.tns" server="ftp.lafacroft.com//public_html/" local="128795457600000000" remote="128795457600000000" />
<file name="role_of_abc_in_quads.tns" server="ftp.lafacroft.com//public_html/" local="128795457600000000" remote="128795457600000000" />
<file name="Alg1Act7_WhatsMyRule_EN.tns" server="ftp.lafacroft.com/public_html/" local="128794896000000000" remote="128794896000000000" />
<file name="Alg2Act25_GraphingInCircles_EN.tns" server="ftp.lafacroft.com/public_html/" local="128794896000000000" remote="128794896000000000" />
<file name="Algebra+Tiles.tns" server="ftp.lafacroft.com/public_html/" local="128887684200000000" remote="128887684200000000" />
<file name="CAS_Cabri=Eccentric_Conics.tns" server="ftp.lafacroft.com/public_html/" local="128794896000000000" remote="128794896000000000" />
<file name="ChordToCubic.tns" server="ftp.lafacroft.com/public_html/" local="128794896000000000" remote="128794896000000000" />
<file name="CompleteTheSquare.tns" server="ftp.lafacroft.com/public_html/" local="128794896000000000" remote="128794896000000000" />
<file name="Conics.tns" server="ftp.lafacroft.com/public_html/" local="128798352000000000" remote="128798352000000000" />
<file name="Conics_New.tns" server="ftp.lafacroft.com/public_html/" local="128794896000000000" remote="128794896000000000" />
<file name="Equation_Builder_2.tns" server="ftp.lafacroft.com/public_html/" local="128794896000000000" remote="128794896000000000" />
<file name="Expression_Builder_2.tns" server="ftp.lafacroft.com/public_html/" local="128794896000000000" remote="128794896000000000" />
<file name="GuessTheGraph.tns" server="ftp.lafacroft.com/public_html/" local="128794896000000000" remote="128794896000000000" />
<file name="INalg1_Istep_a.tns" server="ftp.lafacroft.com/public_html/" local="128794896000000000" remote="128794896000000000" />
<file name="ParabolaFocusProp.tns" server="ftp.lafacroft.com/public_html/" local="128794896000000000" remote="128794896000000000" />
<file name="Param+trace.tns" server="ftp.lafacroft.com/public_html/" local="128794896000000000" remote="128794896000000000" />
<file name="ParametricFriend.tns" server="ftp.lafacroft.com/public_html/" local="128826683400000000" remote="128826683400000000" />
<file name="ParametricMotion.tns" server="ftp.lafacroft.com/public_html/" local="128794896000000000" remote="128794896000000000" />
<file name="Pie+Chart.tns" server="ftp.lafacroft.com/public_html/" local="128826688200000000" remote="128826688200000000" />
<file name="QuadVariations.tns" server="ftp.lafacroft.com/public_html/" local="128794896000000000" remote="128794896000000000" />
<file name="RotateCubic.tns" server="ftp.lafacroft.com/public_html/" local="128794896000000000" remote="128794896000000000" />
<file name="TwoStep.tns" server="ftp.lafacroft.com/public_html/" local="128794896000000000" remote="128794896000000000" />
<file name="VelocityVector.tns" server="ftp.lafacroft.com/public_html/" local="128887690800000000" remote="128887690800000000" />
<file name="concrete_algebra_1.tns" server="ftp.lafacroft.com/public_html/" local="128794896000000000" remote="128794896000000000" />
<file name="concrete_algebra_2.tns" server="ftp.lafacroft.com/public_html/" local="128794896000000000" remote="128794896000000000" />
<file name="concrete_algebra_3.tns" server="ftp.lafacroft.com/public_html/" local="128794896000000000" remote="128794896000000000" />
<file name="converter_tools.tns" server="ftp.lafacroft.com/public_html/" local="128909517000000000" remote="128909517000000000" />
<file name="hyperbolic.tns" server="ftp.lafacroft.com/public_html/" local="128794896000000000" remote="128794896000000000" />
<file name="literal_equations+revised.tns" server="ftp.lafacroft.com/public_html/" local="128794896000000000" remote="128794896000000000" />
<file name="multipletransformation.tns" server="ftp.lafacroft.com/public_html/" local="128794896000000000" remote="128794896000000000" />
<file name="parabola.tns" server="ftp.lafacroft.com/public_html/" local="128794896000000000" remote="128794896000000000" />
<file name="role_of_abc_in_quads.tns" server="ftp.lafacroft.com/public_html/" local="128794896000000000" remote="128794896000000000" />
</dwsync>