<?xml version="1.0" encoding="utf-8" ?>
<dwsync>
<file name="3D_Nspire.zip" server="ftp.lafacroft.com//public_html/" local="128786014200000000" remote="128786014200000000" />
<file name="Dice_Roll_EN%20(2).tns" server="ftp.lafacroft.com//public_html/" local="128887559400000000" remote="128887559400000000" />
<file name="Dice_Roll_EN.tns" server="ftp.lafacroft.com//public_html/" local="128887555800000000" remote="128887555800000000" />
<file name="Dice_Roll_EN.zip" server="ftp.lafacroft.com//public_html/" local="128887564800000000" remote="128887564800000000" />
<file name="Equation_Builder_3.zip" server="ftp.lafacroft.com//public_html/" local="128786014200000000" remote="128786014200000000" />
<file name="Expression_Builder_31.zip" server="ftp.lafacroft.com//public_html/" local="128786014200000000" remote="128786014200000000" />
<file name="Expression_Builder_32.zip" server="ftp.lafacroft.com//public_html/" local="128786014200000000" remote="128786014200000000" />
<file name="Galton_EN%20(2).tns" server="ftp.lafacroft.com//public_html/" local="128887561800000000" remote="128887561800000000" />
<file name="Galton_EN.tns" server="ftp.lafacroft.com//public_html/" local="128887555800000000" remote="128887555800000000" />
<file name="Galton_EN.zip" server="ftp.lafacroft.com//public_html/" local="128887564200000000" remote="128887564200000000" />
<file name="Isometric1.zip" server="ftp.lafacroft.com//public_html/" local="128786014200000000" remote="128786014200000000" />
<file name="Isometric2.zip" server="ftp.lafacroft.com//public_html/" local="128786014200000000" remote="128786014200000000" />
<file name="Isometrics.zip" server="ftp.lafacroft.com//public_html/" local="128786014200000000" remote="128786014200000000" />
<file name="MAXIS.zip" server="ftp.lafacroft.com//public_html/" local="128887564800000000" remote="128887564800000000" />
<file name="Math%20(2).jpg" server="ftp.lafacroft.com//public_html/" local="128887561800000000" remote="128887561800000000" />
<file name="Math.jpg" server="ftp.lafacroft.com//public_html/" local="128887563000000000" remote="128887563000000000" />
<file name="Molecules_EN.zip" server="ftp.lafacroft.com//public_html/" local="128887555800000000" remote="128887555800000000" />
<file name="Mouse.tns" server="ftp.lafacroft.com//public_html/" local="128786014800000000" remote="128786014800000000" />
<file name="Mouse.zip" server="ftp.lafacroft.com//public_html/" local="128887564800000000" remote="128887564800000000" />
<file name="NSpireTextEditor-2.1.zip" server="ftp.lafacroft.com//public_html/" local="128786014800000000" remote="128786014800000000" />
<file name="Nspir3D_EN(2).zip" server="ftp.lafacroft.com//public_html/" local="128907522600000000" remote="128907522600000000" />
<file name="Organizer_EN.zip" server="ftp.lafacroft.com//public_html/" local="128887564800000000" remote="128887564800000000" />
<file name="Periodic_EN.tns" server="ftp.lafacroft.com//public_html/" local="128887555800000000" remote="128887555800000000" />
<file name="Periodic_EN.zip" server="ftp.lafacroft.com//public_html/" local="128887564800000000" remote="128887564800000000" />
<file name="Polyhedra_EN(2).zip" server="ftp.lafacroft.com//public_html/" local="128887555800000000" remote="128887555800000000" />
<file name="Polyhedra_EN.zip" server="ftp.lafacroft.com//public_html/" local="128887555800000000" remote="128887555800000000" />
<file name="Rotating Pyramid 2.7z" server="ftp.lafacroft.com//public_html/" local="128786014800000000" remote="128786014800000000" />
<file name="Rotating Pyramid 2.zip" server="ftp.lafacroft.com//public_html/" local="128887564800000000" remote="128887564800000000" />
<file name="SimTeacher.zip" server="ftp.lafacroft.com//public_html/" local="128786014800000000" remote="128786014800000000" />
<file name="TI-Nspire%20(2).tno" server="ftp.lafacroft.com//public_html/" local="128887561200000000" remote="128887561200000000" />
<file name="TI-Nspire.tno" server="ftp.lafacroft.com//public_html/" local="128887557000000000" remote="128887557000000000" />
<file name="TNS.zip" server="ftp.lafacroft.com//public_html/" local="128796929400000000" remote="128796929400000000" />
<file name="Ultimath.zip" server="ftp.lafacroft.com//public_html/" local="128786015400000000" remote="128786015400000000" />
<file name="Units_EN.zip" server="ftp.lafacroft.com//public_html/" local="128887564800000000" remote="128887564800000000" />
<file name="add.zip.zip" server="ftp.lafacroft.com//public_html/" local="128786014200000000" remote="128786014200000000" />
<file name="converter_tools%20(2).tns" server="ftp.lafacroft.com//public_html/" local="128887559400000000" remote="128887559400000000" />
<file name="converter_tools.tns" server="ftp.lafacroft.com//public_html/" local="128786014200000000" remote="128786014200000000" />
<file name="converter_tools.zip" server="ftp.lafacroft.com//public_html/" local="128887564800000000" remote="128887564800000000" />
<file name="encrypt%20(2).jpg" server="ftp.lafacroft.com//public_html/" local="128887559400000000" remote="128887559400000000" />
<file name="encrypt%20(2).tns" server="ftp.lafacroft.com//public_html/" local="128887559400000000" remote="128887559400000000" />
<file name="encrypt.jpg" server="ftp.lafacroft.com//public_html/" local="128887563600000000" remote="128887563600000000" />
<file name="encrypt.tns" server="ftp.lafacroft.com//public_html/" local="128786014200000000" remote="128786014200000000" />
<file name="encrypt.zip" server="ftp.lafacroft.com//public_html/" local="128786014200000000" remote="128786014200000000" />
<file name="isometric3.zip" server="ftp.lafacroft.com//public_html/" local="128786014200000000" remote="128786014200000000" />
<file name="list_tools.tns" server="ftp.lafacroft.com//public_html/" local="128786014200000000" remote="128786014200000000" />
<file name="list_tools.zip" server="ftp.lafacroft.com//public_html/" local="128887564200000000" remote="128887564200000000" />
<file name="math.tns" server="ftp.lafacroft.com//public_html/" local="128786014200000000" remote="128786014200000000" />
<file name="math.zip" server="ftp.lafacroft.com//public_html/" local="128887564800000000" remote="128887564800000000" />
<file name="nunberguess.zip" server="ftp.lafacroft.com//public_html/" local="128786014800000000" remote="128786014800000000" />
<file name="pyramid.jpg" server="ftp.lafacroft.com//public_html/" local="128887563000000000" remote="128887563000000000" />
<file name="timer.zip" server="ftp.lafacroft.com//public_html/" local="128786015400000000" remote="128786015400000000" />
<file name="tirpg.zip" server="ftp.lafacroft.com//public_html/" local="128909617200000000" remote="128909617200000000" />
<file name="3D_Nspire.zip" server="ftp.lafacroft.com/public_html/" local="128785392000000000" remote="128785392000000000" />
<file name="Dice_Roll_EN%20(2).tns" server="ftp.lafacroft.com/public_html/" local="128887559400000000" remote="128887559400000000" />
<file name="Dice_Roll_EN.tns" server="ftp.lafacroft.com/public_html/" local="128887555800000000" remote="128887555800000000" />
<file name="Dice_Roll_EN.zip" server="ftp.lafacroft.com/public_html/" local="128887564800000000" remote="128887564800000000" />
<file name="Equation_Builder_3.zip" server="ftp.lafacroft.com/public_html/" local="128785392000000000" remote="128785392000000000" />
<file name="Expression_Builder_31.zip" server="ftp.lafacroft.com/public_html/" local="128785392000000000" remote="128785392000000000" />
<file name="Expression_Builder_32.zip" server="ftp.lafacroft.com/public_html/" local="128785392000000000" remote="128785392000000000" />
<file name="Galton_EN%20(2).tns" server="ftp.lafacroft.com/public_html/" local="128887561800000000" remote="128887561800000000" />
<file name="Galton_EN.tns" server="ftp.lafacroft.com/public_html/" local="128887555800000000" remote="128887555800000000" />
<file name="Galton_EN.zip" server="ftp.lafacroft.com/public_html/" local="128887564200000000" remote="128887564200000000" />
<file name="Isometric1.zip" server="ftp.lafacroft.com/public_html/" local="128785392000000000" remote="128785392000000000" />
<file name="Isometric2.zip" server="ftp.lafacroft.com/public_html/" local="128785392000000000" remote="128785392000000000" />
<file name="Isometrics.zip" server="ftp.lafacroft.com/public_html/" local="128785392000000000" remote="128785392000000000" />
<file name="MAXIS.zip" server="ftp.lafacroft.com/public_html/" local="128887564800000000" remote="128887564800000000" />
<file name="Math%20(2).jpg" server="ftp.lafacroft.com/public_html/" local="128887561800000000" remote="128887561800000000" />
<file name="Math.jpg" server="ftp.lafacroft.com/public_html/" local="128887563000000000" remote="128887563000000000" />
<file name="Molecules_EN.zip" server="ftp.lafacroft.com/public_html/" local="128887555800000000" remote="128887555800000000" />
<file name="Mouse.tns" server="ftp.lafacroft.com/public_html/" local="128785392000000000" remote="128785392000000000" />
<file name="Mouse.zip" server="ftp.lafacroft.com/public_html/" local="128887564800000000" remote="128887564800000000" />
<file name="NSpireTextEditor-2.1.zip" server="ftp.lafacroft.com/public_html/" local="128785392000000000" remote="128785392000000000" />
<file name="Nspir3D_EN(2).zip" server="ftp.lafacroft.com/public_html/" local="128907522600000000" remote="128907522600000000" />
<file name="Organizer_EN.zip" server="ftp.lafacroft.com/public_html/" local="128887564800000000" remote="128887564800000000" />
<file name="Periodic_EN.tns" server="ftp.lafacroft.com/public_html/" local="128887555800000000" remote="128887555800000000" />
<file name="Periodic_EN.zip" server="ftp.lafacroft.com/public_html/" local="128887564800000000" remote="128887564800000000" />
<file name="Polyhedra_EN(2).zip" server="ftp.lafacroft.com/public_html/" local="128887555800000000" remote="128887555800000000" />
<file name="Polyhedra_EN.zip" server="ftp.lafacroft.com/public_html/" local="128887555800000000" remote="128887555800000000" />
<file name="Rotating Pyramid 2.7z" server="ftp.lafacroft.com/public_html/" local="128785392000000000" remote="128785392000000000" />
<file name="Rotating Pyramid 2.zip" server="ftp.lafacroft.com/public_html/" local="128887564800000000" remote="128887564800000000" />
<file name="SimTeacher.zip" server="ftp.lafacroft.com/public_html/" local="128785392000000000" remote="128785392000000000" />
<file name="TI-Nspire%20(2).tno" server="ftp.lafacroft.com/public_html/" local="128887561200000000" remote="128887561200000000" />
<file name="TI-Nspire.tno" server="ftp.lafacroft.com/public_html/" local="128887557000000000" remote="128887557000000000" />
<file name="TNS.zip" server="ftp.lafacroft.com/public_html/" local="128796624000000000" remote="128796624000000000" />
<file name="Tree+with+pointer.tns" server="ftp.lafacroft.com/public_html/" local="128946641400000000" remote="128946641400000000" />
<file name="Ultimath.zip" server="ftp.lafacroft.com/public_html/" local="128785392000000000" remote="128785392000000000" />
<file name="Units_EN.zip" server="ftp.lafacroft.com/public_html/" local="128887564800000000" remote="128887564800000000" />
<file name="add.tns" server="ftp.lafacroft.com/public_html/" local="128946630600000000" remote="128946630600000000" />
<file name="add.zip.zip" server="ftp.lafacroft.com/public_html/" local="128785392000000000" remote="128785392000000000" />
<file name="converter_tools%20(2).tns" server="ftp.lafacroft.com/public_html/" local="128887559400000000" remote="128887559400000000" />
<file name="converter_tools.tns" server="ftp.lafacroft.com/public_html/" local="128785392000000000" remote="128785392000000000" />
<file name="converter_tools.zip" server="ftp.lafacroft.com/public_html/" local="128887564800000000" remote="128887564800000000" />
<file name="dynamic_plus_minus2.tns" server="ftp.lafacroft.com/public_html/" local="128946636000000000" remote="128946636000000000" />
<file name="dynamic_plus_minus21.tns" server="ftp.lafacroft.com/public_html/" local="128946637800000000" remote="128946637800000000" />
<file name="encrypt%20(2).jpg" server="ftp.lafacroft.com/public_html/" local="128887559400000000" remote="128887559400000000" />
<file name="encrypt%20(2).tns" server="ftp.lafacroft.com/public_html/" local="128887559400000000" remote="128887559400000000" />
<file name="encrypt.jpg" server="ftp.lafacroft.com/public_html/" local="128887563600000000" remote="128887563600000000" />
<file name="encrypt.tns" server="ftp.lafacroft.com/public_html/" local="128785392000000000" remote="128785392000000000" />
<file name="encrypt.zip" server="ftp.lafacroft.com/public_html/" local="128785392000000000" remote="128785392000000000" />
<file name="isometric3.zip" server="ftp.lafacroft.com/public_html/" local="128785392000000000" remote="128785392000000000" />
<file name="list_tools.tns" server="ftp.lafacroft.com/public_html/" local="128785392000000000" remote="128785392000000000" />
<file name="list_tools.zip" server="ftp.lafacroft.com/public_html/" local="128887564200000000" remote="128887564200000000" />
<file name="math.tns" server="ftp.lafacroft.com/public_html/" local="128785392000000000" remote="128785392000000000" />
<file name="math.zip" server="ftp.lafacroft.com/public_html/" local="128887564800000000" remote="128887564800000000" />
<file name="nunberguess.zip" server="ftp.lafacroft.com/public_html/" local="128785392000000000" remote="128785392000000000" />
<file name="parabola_vertex_form_dynamic.tns" server="ftp.lafacroft.com/public_html/" local="128946639600000000" remote="128946639600000000" />
<file name="pyramid.jpg" server="ftp.lafacroft.com/public_html/" local="128887563000000000" remote="128887563000000000" />
<file name="timer.zip" server="ftp.lafacroft.com/public_html/" local="128785392000000000" remote="128785392000000000" />
<file name="tirpg.zip" server="ftp.lafacroft.com/public_html/" local="128909617200000000" remote="128909617200000000" />
</dwsync>