<?xml version="1.0" encoding="utf-8" ?>
<dwsync>
<file name="Buffon.tns" server="ftp.lafacroft.com//public_html/" local="128795457600000000" remote="128795457600000000" />
<file name="Calendar_EN.tns" server="ftp.lafacroft.com//public_html/" local="128808982200000000" remote="128808982200000000" />
<file name="Column_Slider.tns" server="ftp.lafacroft.com//public_html/" local="128795457600000000" remote="128795457600000000" />
<file name="Dice+Roll+Simulator.tns" server="ftp.lafacroft.com//public_html/" local="128795457600000000" remote="128795457600000000" />
<file name="DynagraphsTemplate1.tns" server="ftp.lafacroft.com//public_html/" local="128826677400000000" remote="128826677400000000" />
<file name="Dynamic_Text2.tns" server="ftp.lafacroft.com//public_html/" local="128795457600000000" remote="128795457600000000" />
<file name="FerrisWheelSpeeds.tns" server="ftp.lafacroft.com//public_html/" local="128795457600000000" remote="128795457600000000" />
<file name="Festivus_Sampler.tns" server="ftp.lafacroft.com//public_html/" local="128795457600000000" remote="128795457600000000" />
<file name="FlagUSA.tns" server="ftp.lafacroft.com//public_html/" local="128795457600000000" remote="128795457600000000" />
<file name="Galton's+Bean+Machine.tns" server="ftp.lafacroft.com//public_html/" local="128795457600000000" remote="128795457600000000" />
<file name="Galton's+Bean+Machine_EN.tns" server="ftp.lafacroft.com//public_html/" local="128795457600000000" remote="128795457600000000" />
<file name="Graduated_Help.tns" server="ftp.lafacroft.com//public_html/" local="128795457600000000" remote="128795457600000000" />
<file name="JohnM.tns" server="ftp.lafacroft.com//public_html/" local="128795457600000000" remote="128795457600000000" />
<file name="Matchstick_Puzzles2.tns" server="ftp.lafacroft.com//public_html/" local="128795457600000000" remote="128795457600000000" />
<file name="Monte_Carlo_EN.tns" server="ftp.lafacroft.com//public_html/" local="128795457600000000" remote="128795457600000000" />
<file name="Show+dynamic+equation+(2).tns" server="ftp.lafacroft.com//public_html/" local="128795457600000000" remote="128795457600000000" />
<file name="Show+dynamic+equation.tns" server="ftp.lafacroft.com//public_html/" local="128795457600000000" remote="128795457600000000" />
<file name="SliderParameters.tns" server="ftp.lafacroft.com//public_html/" local="128795457600000000" remote="128795457600000000" />
<file name="Sliders_How_To.tns" server="ftp.lafacroft.com//public_html/" local="128826685200000000" remote="128826685200000000" />
<file name="SoggiesPrgm.tns" server="ftp.lafacroft.com//public_html/" local="128795457600000000" remote="128795457600000000" />
<file name="TNS_logo.tns" server="ftp.lafacroft.com//public_html/" local="128795457600000000" remote="128795457600000000" />
<file name="connect4.tns" server="ftp.lafacroft.com//public_html/" local="128825622000000000" remote="128825622000000000" />
<file name="demo.tns" server="ftp.lafacroft.com//public_html/" local="128795457600000000" remote="128795457600000000" />
<file name="eratosthhenes+simulation.tns" server="ftp.lafacroft.com//public_html/" local="128795457600000000" remote="128795457600000000" />
<file name="montyhall.tns" server="ftp.lafacroft.com//public_html/" local="128887657200000000" remote="128887657200000000" />
<file name="sliderwithequation.tns" server="ftp.lafacroft.com//public_html/" local="128795457600000000" remote="128795457600000000" />
<file name="snowflake.tns" server="ftp.lafacroft.com//public_html/" local="128795457600000000" remote="128795457600000000" />
<file name="Buffon.tns" server="ftp.lafacroft.com/public_html/" local="128794896000000000" remote="128794896000000000" />
<file name="Calendar_EN.tns" server="ftp.lafacroft.com/public_html/" local="128808720000000000" remote="128808720000000000" />
<file name="Column_Slider.tns" server="ftp.lafacroft.com/public_html/" local="128794896000000000" remote="128794896000000000" />
<file name="Dice+Roll+Simulator.tns" server="ftp.lafacroft.com/public_html/" local="128794896000000000" remote="128794896000000000" />
<file name="DynagraphsTemplate1.tns" server="ftp.lafacroft.com/public_html/" local="128826677400000000" remote="128826677400000000" />
<file name="Dynamic_Text2.tns" server="ftp.lafacroft.com/public_html/" local="128794896000000000" remote="128794896000000000" />
<file name="FerrisWheelSpeeds.tns" server="ftp.lafacroft.com/public_html/" local="128794896000000000" remote="128794896000000000" />
<file name="Festivus_Sampler.tns" server="ftp.lafacroft.com/public_html/" local="128794896000000000" remote="128794896000000000" />
<file name="FlagUSA.tns" server="ftp.lafacroft.com/public_html/" local="128794896000000000" remote="128794896000000000" />
<file name="Galton's+Bean+Machine.tns" server="ftp.lafacroft.com/public_html/" local="128794896000000000" remote="128794896000000000" />
<file name="Galton's+Bean+Machine_EN.tns" server="ftp.lafacroft.com/public_html/" local="128794896000000000" remote="128794896000000000" />
<file name="Graduated_Help.tns" server="ftp.lafacroft.com/public_html/" local="128794896000000000" remote="128794896000000000" />
<file name="JohnM.tns" server="ftp.lafacroft.com/public_html/" local="128794896000000000" remote="128794896000000000" />
<file name="Matchstick_Puzzles2.tns" server="ftp.lafacroft.com/public_html/" local="128794896000000000" remote="128794896000000000" />
<file name="Monte_Carlo_EN.tns" server="ftp.lafacroft.com/public_html/" local="128794896000000000" remote="128794896000000000" />
<file name="Show+dynamic+equation+(2).tns" server="ftp.lafacroft.com/public_html/" local="128794896000000000" remote="128794896000000000" />
<file name="Show+dynamic+equation.tns" server="ftp.lafacroft.com/public_html/" local="128794896000000000" remote="128794896000000000" />
<file name="SliderParameters.tns" server="ftp.lafacroft.com/public_html/" local="128794896000000000" remote="128794896000000000" />
<file name="Sliders_How_To.tns" server="ftp.lafacroft.com/public_html/" local="128826685200000000" remote="128826685200000000" />
<file name="SoggiesPrgm.tns" server="ftp.lafacroft.com/public_html/" local="128794896000000000" remote="128794896000000000" />
<file name="TNS_logo.tns" server="ftp.lafacroft.com/public_html/" local="128794896000000000" remote="128794896000000000" />
<file name="connect4.tns" server="ftp.lafacroft.com/public_html/" local="128825622000000000" remote="128825622000000000" />
<file name="demo.tns" server="ftp.lafacroft.com/public_html/" local="128794896000000000" remote="128794896000000000" />
<file name="eratosthhenes+simulation.tns" server="ftp.lafacroft.com/public_html/" local="128794896000000000" remote="128794896000000000" />
<file name="montyhall.tns" server="ftp.lafacroft.com/public_html/" local="128887657200000000" remote="128887657200000000" />
<file name="sliderwithequation.tns" server="ftp.lafacroft.com/public_html/" local="128794896000000000" remote="128794896000000000" />
<file name="snowflake.tns" server="ftp.lafacroft.com/public_html/" local="128794896000000000" remote="128794896000000000" />
</dwsync>