<?xml version="1.0" encoding="utf-8" ?>
<dwsync>
<file name="Alg1Act7_WhatsMyRule_EN.jpg" server="ftp.lafacroft.com//public_html/" local="128839440600000000" remote="128839440600000000" />
<file name="FerisWheelSpeeds%20(2).gif" server="ftp.lafacroft.com//public_html/" local="128798927400000000" remote="128798927400000000" />
<file name="Thumbs.db" server="ftp.lafacroft.com//public_html/" local="128798913000000000" remote="128798913000000000" />
<file name="conic%20screen%20shot.gif" server="ftp.lafacroft.com//public_html/" local="128798913000000000" remote="128798913000000000" />
<file name="Alg1Act7_WhatsMyRule_EN.jpg" server="ftp.lafacroft.com/public_html/" local="128839440600000000" remote="128839440600000000" />
<file name="FerisWheelSpeeds%20(2).gif" server="ftp.lafacroft.com/public_html/" local="128798352000000000" remote="128798352000000000" />
<file name="Thumbs.db" server="ftp.lafacroft.com/public_html/" local="128798352000000000" remote="128798352000000000" />
<file name="conic%20screen%20shot.gif" server="ftp.lafacroft.com/public_html/" local="128798352000000000" remote="128798352000000000" />
</dwsync>