<?xml version="1.0" encoding="utf-8" ?>
<dwsync>
<file name="AngleInSemicircle.tns" server="ftp.lafacroft.com//public_html/" local="128795457600000000" remote="128795457600000000" />
<file name="Arcs.tns" server="ftp.lafacroft.com//public_html/" local="128795457600000000" remote="128795457600000000" />
<file name="BoxProbByBird.tns" server="ftp.lafacroft.com//public_html/" local="128795457600000000" remote="128795457600000000" />
<file name="Circle+Area+EN.tns" server="ftp.lafacroft.com//public_html/" local="128808982200000000" remote="128808982200000000" />
<file name="Ellipse_and_Hyperbola.tns" server="ftp.lafacroft.com//public_html/" local="128826681000000000" remote="128826681000000000" />
<file name="Matrix_Geometry.tns" server="ftp.lafacroft.com//public_html/" local="128795457600000000" remote="128795457600000000" />
<file name="Measuring+Arc+Length.tns" server="ftp.lafacroft.com//public_html/" local="128795457600000000" remote="128795457600000000" />
<file name="Midpoint+&+Distance.tns" server="ftp.lafacroft.com//public_html/" local="128795457600000000" remote="128795457600000000" />
<file name="Pythagorean+PWOW.tns" server="ftp.lafacroft.com//public_html/" local="128795457600000000" remote="128795457600000000" />
<file name="RotatePolygon_ns.tns" server="ftp.lafacroft.com//public_html/" local="128795457600000000" remote="128795457600000000" />
<file name="Sector36.tns" server="ftp.lafacroft.com//public_html/" local="128795457600000000" remote="128795457600000000" />
<file name="ShadingSectors.tns" server="ftp.lafacroft.com//public_html/" local="128826689400000000" remote="128826689400000000" />
<file name="TrigValueMC.tns" server="ftp.lafacroft.com//public_html/" local="128795457600000000" remote="128795457600000000" />
<file name="Trigonometric+Equations.tns" server="ftp.lafacroft.com//public_html/" local="128826686400000000" remote="128826686400000000" />
<file name="Trigonometric_Circle_EN+(2).tns" server="ftp.lafacroft.com//public_html/" local="128795457600000000" remote="128795457600000000" />
<file name="Trigonometric_Circle_EN+(3).tns" server="ftp.lafacroft.com//public_html/" local="128795457600000000" remote="128795457600000000" />
<file name="Trigonometric_Circle_EN.tns" server="ftp.lafacroft.com//public_html/" local="128795457600000000" remote="128795457600000000" />
<file name="VolumeChallenge.tns" server="ftp.lafacroft.com//public_html/" local="128795457600000000" remote="128795457600000000" />
<file name="VolumeMCcrossSection.tns" server="ftp.lafacroft.com//public_html/" local="128795457600000000" remote="128795457600000000" />
<file name="angles+and+triangle+centers.tns" server="ftp.lafacroft.com//public_html/" local="128795457600000000" remote="128795457600000000" />
<file name="arcsector.tns" server="ftp.lafacroft.com//public_html/" local="128795457600000000" remote="128795457600000000" />
<file name="protractor_Bird's.tns" server="ftp.lafacroft.com//public_html/" local="128808982800000000" remote="128808982800000000" />
<file name="pyth_dissection.tns" server="ftp.lafacroft.com//public_html/" local="128795457600000000" remote="128795457600000000" />
<file name="AngleInSemicircle.tns" server="ftp.lafacroft.com/public_html/" local="128794896000000000" remote="128794896000000000" />
<file name="Arcs.tns" server="ftp.lafacroft.com/public_html/" local="128794896000000000" remote="128794896000000000" />
<file name="BoxProbByBird.tns" server="ftp.lafacroft.com/public_html/" local="128794896000000000" remote="128794896000000000" />
<file name="Circle+Area+EN.tns" server="ftp.lafacroft.com/public_html/" local="128808720000000000" remote="128808720000000000" />
<file name="Ellipse_and_Hyperbola.tns" server="ftp.lafacroft.com/public_html/" local="128826681000000000" remote="128826681000000000" />
<file name="Matrix_Geometry.tns" server="ftp.lafacroft.com/public_html/" local="128794896000000000" remote="128794896000000000" />
<file name="Measuring+Arc+Length.tns" server="ftp.lafacroft.com/public_html/" local="128794896000000000" remote="128794896000000000" />
<file name="Midpoint+&+Distance.tns" server="ftp.lafacroft.com/public_html/" local="128794896000000000" remote="128794896000000000" />
<file name="Pythagorean+PWOW.tns" server="ftp.lafacroft.com/public_html/" local="128794896000000000" remote="128794896000000000" />
<file name="RotatePolygon_ns.tns" server="ftp.lafacroft.com/public_html/" local="128794896000000000" remote="128794896000000000" />
<file name="Sector36.tns" server="ftp.lafacroft.com/public_html/" local="128794896000000000" remote="128794896000000000" />
<file name="ShadingSectors.tns" server="ftp.lafacroft.com/public_html/" local="128826689400000000" remote="128826689400000000" />
<file name="TrigValueMC.tns" server="ftp.lafacroft.com/public_html/" local="128794896000000000" remote="128794896000000000" />
<file name="Trigonometric+Equations.tns" server="ftp.lafacroft.com/public_html/" local="128826686400000000" remote="128826686400000000" />
<file name="Trigonometric_Circle_EN+(2).tns" server="ftp.lafacroft.com/public_html/" local="128794896000000000" remote="128794896000000000" />
<file name="Trigonometric_Circle_EN+(3).tns" server="ftp.lafacroft.com/public_html/" local="128794896000000000" remote="128794896000000000" />
<file name="Trigonometric_Circle_EN.tns" server="ftp.lafacroft.com/public_html/" local="128794896000000000" remote="128794896000000000" />
<file name="VolumeChallenge.tns" server="ftp.lafacroft.com/public_html/" local="128794896000000000" remote="128794896000000000" />
<file name="VolumeMCcrossSection.tns" server="ftp.lafacroft.com/public_html/" local="128794896000000000" remote="128794896000000000" />
<file name="angles+and+triangle+centers.tns" server="ftp.lafacroft.com/public_html/" local="128794896000000000" remote="128794896000000000" />
<file name="arcsector.tns" server="ftp.lafacroft.com/public_html/" local="128794896000000000" remote="128794896000000000" />
<file name="protractor_Bird's.tns" server="ftp.lafacroft.com/public_html/" local="128808720000000000" remote="128808720000000000" />
<file name="pyth_dissection.tns" server="ftp.lafacroft.com/public_html/" local="128794896000000000" remote="128794896000000000" />
</dwsync>