<?xml version="1.0" encoding="utf-8" ?>
<dwsync>
<file name="Buffonneedle.gif" server="ftp.lafacroft.com//public_html/" local="128798930400000000" remote="128798930400000000" />
<file name="Column_Slider.gif" server="ftp.lafacroft.com//public_html/" local="128798928000000000" remote="128798928000000000" />
<file name="Dynamic_Text2.gif" server="ftp.lafacroft.com//public_html/" local="128798928000000000" remote="128798928000000000" />
<file name="FerisWheelSpeeds.gif" server="ftp.lafacroft.com//public_html/" local="128798928000000000" remote="128798928000000000" />
<file name="Festivus_Sampler.gif" server="ftp.lafacroft.com//public_html/" local="128798928000000000" remote="128798928000000000" />
<file name="FlagUSA.gif" server="ftp.lafacroft.com//public_html/" local="128798928000000000" remote="128798928000000000" />
<file name="Graduated_Help.gif" server="ftp.lafacroft.com//public_html/" local="128798928000000000" remote="128798928000000000" />
<file name="JohnM.gif" server="ftp.lafacroft.com//public_html/" local="128798928000000000" remote="128798928000000000" />
<file name="Matchstick_Puzzles2.gif" server="ftp.lafacroft.com//public_html/" local="128798928000000000" remote="128798928000000000" />
<file name="Monte_Carlo_EN.gif" server="ftp.lafacroft.com//public_html/" local="128798928000000000" remote="128798928000000000" />
<file name="Show+Dynamic+Equation+(2).gif" server="ftp.lafacroft.com//public_html/" local="128798928000000000" remote="128798928000000000" />
<file name="Show+Dynamic+Equation.gif" server="ftp.lafacroft.com//public_html/" local="128798928000000000" remote="128798928000000000" />
<file name="beans.gif" server="ftp.lafacroft.com//public_html/" local="128798934600000000" remote="128798934600000000" />
<file name="demo.gif" server="ftp.lafacroft.com//public_html/" local="128798928000000000" remote="128798928000000000" />
<file name="dice+roll+simulator.gif" server="ftp.lafacroft.com//public_html/" local="128798928000000000" remote="128798928000000000" />
<file name="eratosystheses+simulation.gif" server="ftp.lafacroft.com//public_html/" local="128798928000000000" remote="128798928000000000" />
<file name="monty.gif" server="ftp.lafacroft.com//public_html/" local="128841327600000000" remote="128841327600000000" />
<file name="sadasdf.gif" server="ftp.lafacroft.com//public_html/" local="128798928000000000" remote="128798928000000000" />
<file name="Buffonneedle.gif" server="ftp.lafacroft.com/public_html/" local="128798352000000000" remote="128798352000000000" />
<file name="Column_Slider.gif" server="ftp.lafacroft.com/public_html/" local="128798352000000000" remote="128798352000000000" />
<file name="Dynamic_Text2.gif" server="ftp.lafacroft.com/public_html/" local="128798352000000000" remote="128798352000000000" />
<file name="FerisWheelSpeeds.gif" server="ftp.lafacroft.com/public_html/" local="128798352000000000" remote="128798352000000000" />
<file name="Festivus_Sampler.gif" server="ftp.lafacroft.com/public_html/" local="128798352000000000" remote="128798352000000000" />
<file name="FlagUSA.gif" server="ftp.lafacroft.com/public_html/" local="128798352000000000" remote="128798352000000000" />
<file name="Graduated_Help.gif" server="ftp.lafacroft.com/public_html/" local="128798352000000000" remote="128798352000000000" />
<file name="JohnM.gif" server="ftp.lafacroft.com/public_html/" local="128798352000000000" remote="128798352000000000" />
<file name="Matchstick_Puzzles2.gif" server="ftp.lafacroft.com/public_html/" local="128798352000000000" remote="128798352000000000" />
<file name="Monte_Carlo_EN.gif" server="ftp.lafacroft.com/public_html/" local="128798352000000000" remote="128798352000000000" />
<file name="Show+Dynamic+Equation+(2).gif" server="ftp.lafacroft.com/public_html/" local="128798352000000000" remote="128798352000000000" />
<file name="Show+Dynamic+Equation.gif" server="ftp.lafacroft.com/public_html/" local="128798352000000000" remote="128798352000000000" />
<file name="beans.gif" server="ftp.lafacroft.com/public_html/" local="128798352000000000" remote="128798352000000000" />
<file name="demo.gif" server="ftp.lafacroft.com/public_html/" local="128798352000000000" remote="128798352000000000" />
<file name="dice+roll+simulator.gif" server="ftp.lafacroft.com/public_html/" local="128798352000000000" remote="128798352000000000" />
<file name="eratosystheses+simulation.gif" server="ftp.lafacroft.com/public_html/" local="128798352000000000" remote="128798352000000000" />
<file name="monty.gif" server="ftp.lafacroft.com/public_html/" local="128841327600000000" remote="128841327600000000" />
<file name="sadasdf.gif" server="ftp.lafacroft.com/public_html/" local="128798352000000000" remote="128798352000000000" />
</dwsync>