<?xml version="1.0" encoding="utf-8" ?>
<dwsync>
<file name="Equation_Builder_3.gif" server="ftp.lafacroft.com//public_html/" local="128798076000000000" remote="128798076000000000" />
<file name="Expression_Builder_31.gif" server="ftp.lafacroft.com//public_html/" local="128798076000000000" remote="128798076000000000" />
<file name="Expression_Builder_32.gif" server="ftp.lafacroft.com//public_html/" local="128798076000000000" remote="128798076000000000" />
<file name="Integer Builder.gif" server="ftp.lafacroft.com//public_html/" local="128798076000000000" remote="128798076000000000" />
<file name="Isometric1.gif" server="ftp.lafacroft.com//public_html/" local="128798076000000000" remote="128798076000000000" />
<file name="Isometric2.gif" server="ftp.lafacroft.com//public_html/" local="128798076000000000" remote="128798076000000000" />
<file name="Isometric3.gif" server="ftp.lafacroft.com//public_html/" local="128798076000000000" remote="128798076000000000" />
<file name="Equation_Builder_3.gif" server="ftp.lafacroft.com/public_html/" local="128797488000000000" remote="128797488000000000" />
<file name="Expression_Builder_31.gif" server="ftp.lafacroft.com/public_html/" local="128797488000000000" remote="128797488000000000" />
<file name="Expression_Builder_32.gif" server="ftp.lafacroft.com/public_html/" local="128797488000000000" remote="128797488000000000" />
<file name="Integer Builder.gif" server="ftp.lafacroft.com/public_html/" local="128797488000000000" remote="128797488000000000" />
<file name="Isometric1.gif" server="ftp.lafacroft.com/public_html/" local="128797488000000000" remote="128797488000000000" />
<file name="Isometric2.gif" server="ftp.lafacroft.com/public_html/" local="128797488000000000" remote="128797488000000000" />
<file name="Isometric3.gif" server="ftp.lafacroft.com/public_html/" local="128797488000000000" remote="128797488000000000" />
</dwsync>