<?xml version="1.0" encoding="utf-8" ?>
<dwsync>
<file name="calc_basics_comp.gif" server="ftp.lafacroft.com//public_html/" local="128834313000000000" remote="128834313000000000" />
<file name="calc_basics_delete.gif" server="ftp.lafacroft.com//public_html/" local="128834313000000000" remote="128834313000000000" />
<file name="calc_basics_home.gif" server="ftp.lafacroft.com//public_html/" local="128834313000000000" remote="128834313000000000" />
<file name="calc_basics_var.gif" server="ftp.lafacroft.com//public_html/" local="128834313000000000" remote="128834313000000000" />
<file name="calculator_basics.gif" server="ftp.lafacroft.com//public_html/" local="128877363600000000" remote="128877363600000000" />
<file name="calculator_expressions1.gif" server="ftp.lafacroft.com//public_html/" local="128877363600000000" remote="128877363600000000" />
<file name="calculator_expressions2.gif" server="ftp.lafacroft.com//public_html/" local="128877363600000000" remote="128877363600000000" />
<file name="calculator_fractions1.gif" server="ftp.lafacroft.com//public_html/" local="128877363600000000" remote="128877363600000000" />
<file name="calculator_fractions2.gif" server="ftp.lafacroft.com//public_html/" local="128877363600000000" remote="128877363600000000" />
<file name="calculator_functions.gif" server="ftp.lafacroft.com//public_html/" local="128839388400000000" remote="128839388400000000" />
<file name="calc_basics_comp.gif" server="ftp.lafacroft.com/public_html/" local="128834313000000000" remote="128834313000000000" />
<file name="calc_basics_delete.gif" server="ftp.lafacroft.com/public_html/" local="128834313000000000" remote="128834313000000000" />
<file name="calc_basics_home.gif" server="ftp.lafacroft.com/public_html/" local="128834313000000000" remote="128834313000000000" />
<file name="calc_basics_var.gif" server="ftp.lafacroft.com/public_html/" local="128834313000000000" remote="128834313000000000" />
<file name="calculator_basics.gif" server="ftp.lafacroft.com/public_html/" local="128877363600000000" remote="128877363600000000" />
<file name="calculator_expressions1.gif" server="ftp.lafacroft.com/public_html/" local="128877363600000000" remote="128877363600000000" />
<file name="calculator_expressions2.gif" server="ftp.lafacroft.com/public_html/" local="128877363600000000" remote="128877363600000000" />
<file name="calculator_fractions1.gif" server="ftp.lafacroft.com/public_html/" local="128877363600000000" remote="128877363600000000" />
<file name="calculator_fractions2.gif" server="ftp.lafacroft.com/public_html/" local="128877363600000000" remote="128877363600000000" />
<file name="calculator_functions.gif" server="ftp.lafacroft.com/public_html/" local="128839388400000000" remote="128839388400000000" />
</dwsync>